-159.2 ,400.0 ,-440.0 
-159.3 ,399.0 ,-440.0 
-159.3 ,398.0 ,-440.0 
-159.3 ,397.0 ,-440.0 
-159.4 ,396.0 ,-440.0 
-159.4 ,395.0 ,-440.0 
-159.5 ,394.0 ,-440.0 
-159.5 ,393.0 ,-440.0 
-159.6 ,392.0 ,-440.0 
-159.6 ,391.0 ,-440.0 
-159.7 ,390.0 ,-440.0 
-159.7 ,389.0 ,-440.0 
-159.8 ,388.0 ,-440.0 
-159.8 ,387.0 ,-440.0 
-159.8 ,386.0 ,-440.0 
-159.9 ,385.0 ,-440.0 
-159.9 ,384.0 ,-440.0 
-160.0 ,383.0 ,-440.0 
-160.0 ,382.0 ,-440.0 
-160.1 ,381.0 ,-440.0 
-160.1 ,380.0 ,-440.0 
-160.2 ,379.0 ,-440.0 
-160.2 ,378.0 ,-440.0 
-160.2 ,377.0 ,-440.0 
-160.3 ,376.0 ,-440.0 
-160.3 ,375.0 ,-440.0 
-160.4 ,374.0 ,-440.0 
-160.4 ,373.0 ,-440.0 
-160.5 ,372.0 ,-440.0 
-160.5 ,371.0 ,-440.0 
-160.5 ,370.0 ,-440.0 
-160.6 ,369.0 ,-440.0 
-160.6 ,368.0 ,-440.0 
-160.7 ,367.0 ,-440.0 
-160.7 ,366.0 ,-440.0 
-160.8 ,365.0 ,-440.0 
-160.8 ,364.0 ,-440.0 
-160.8 ,363.0 ,-440.0 
-160.9 ,362.0 ,-440.0 
-160.9 ,361.0 ,-440.0 
-161.0 ,360.0 ,-440.0 
-161.0 ,359.0 ,-440.0 
-161.1 ,358.0 ,-440.0 
-161.1 ,357.0 ,-440.0 
-161.1 ,356.0 ,-440.0 
-161.2 ,355.0 ,-440.0 
-161.2 ,354.0 ,-440.0 
-161.3 ,353.0 ,-440.0 
-161.3 ,352.0 ,-440.0 
-161.3 ,351.0 ,-440.0 
-161.4 ,350.0 ,-440.0 
-161.4 ,349.0 ,-440.0 
-161.5 ,348.0 ,-440.0 
-161.5 ,347.0 ,-440.0 
-161.5 ,346.0 ,-440.0 
-161.6 ,345.0 ,-440.0 
-161.6 ,344.0 ,-440.0 
-161.7 ,343.0 ,-440.0 
-161.7 ,342.0 ,-440.0 
-161.7 ,341.0 ,-440.0 
-161.8 ,340.0 ,-440.0 
-161.8 ,339.0 ,-440.0 
-161.9 ,338.0 ,-440.0 
-161.9 ,337.0 ,-440.0 
-161.9 ,336.0 ,-440.0 
-162.0 ,335.0 ,-440.0 
-162.0 ,334.0 ,-440.0 
-162.0 ,333.0 ,-440.0 
-162.1 ,332.0 ,-440.0 
-162.1 ,331.0 ,-440.0 
-162.2 ,330.0 ,-440.0 
-162.2 ,329.0 ,-440.0 
-162.2 ,328.0 ,-440.0 
-162.3 ,327.0 ,-440.0 
-162.3 ,326.0 ,-440.0 
-162.4 ,325.0 ,-440.0 
-162.4 ,324.0 ,-440.0 
-162.4 ,323.0 ,-440.0 
-162.5 ,322.0 ,-440.0 
-162.5 ,321.0 ,-440.0 
-162.5 ,320.0 ,-440.0 
-162.6 ,319.0 ,-440.0 
-162.6 ,318.0 ,-440.0 
-162.7 ,317.0 ,-440.0 
-162.7 ,316.0 ,-440.0 
-162.7 ,315.0 ,-440.0 
-162.8 ,314.0 ,-440.0 
-162.8 ,313.0 ,-440.0 
-162.8 ,312.0 ,-440.0 
-162.9 ,311.0 ,-440.0 
-162.9 ,310.0 ,-440.0 
-162.9 ,309.0 ,-440.0 
-163.0 ,308.0 ,-440.0 
-163.0 ,307.0 ,-440.0 
-163.0 ,306.0 ,-440.0 
-163.1 ,305.0 ,-440.0 
-163.1 ,304.0 ,-440.0 
-163.2 ,303.0 ,-440.0 
-163.2 ,302.0 ,-440.0 
-163.2 ,301.0 ,-440.0 
-163.3 ,300.0 ,-440.0 
-163.3 ,299.0 ,-440.0 
-163.3 ,298.0 ,-440.0 
-163.4 ,297.0 ,-440.0 
-163.4 ,296.0 ,-440.0 
-163.4 ,295.0 ,-440.0 
-163.5 ,294.0 ,-440.0 
-163.5 ,293.0 ,-440.0 
-163.5 ,292.0 ,-440.0 
-163.6 ,291.0 ,-440.0 
-163.6 ,290.0 ,-440.0 
-163.6 ,289.0 ,-440.0 
-163.7 ,288.0 ,-440.0 
-163.7 ,287.0 ,-440.0 
-163.7 ,286.0 ,-440.0 
-163.8 ,285.0 ,-440.0 
-163.8 ,284.0 ,-440.0 
-163.8 ,283.0 ,-440.0 
-163.9 ,282.0 ,-440.0 
-163.9 ,281.0 ,-440.0 
-163.9 ,280.0 ,-440.0 
-164.0 ,279.0 ,-440.0 
-164.0 ,278.0 ,-440.0 
-164.0 ,277.0 ,-440.0 
-164.1 ,276.0 ,-440.0 
-164.1 ,275.0 ,-440.0 
-164.1 ,274.0 ,-440.0 
-164.2 ,273.0 ,-440.0 
-164.2 ,272.0 ,-440.0 
-164.2 ,271.0 ,-440.0 
-164.2 ,270.0 ,-440.0 
-164.3 ,269.0 ,-440.0 
-164.3 ,268.0 ,-440.0 
-164.3 ,267.0 ,-440.0 
-164.4 ,266.0 ,-440.0 
-164.4 ,265.0 ,-440.0 
-164.4 ,264.0 ,-440.0 
-164.5 ,263.0 ,-440.0 
-164.5 ,262.0 ,-440.0 
-164.5 ,261.0 ,-440.0 
-164.6 ,260.0 ,-440.0 
-164.6 ,259.0 ,-440.0 
-164.6 ,258.0 ,-440.0 
-164.6 ,257.0 ,-440.0 
-164.7 ,256.0 ,-440.0 
-164.7 ,255.0 ,-440.0 
-164.7 ,254.0 ,-440.0 
-164.8 ,253.0 ,-440.0 
-164.8 ,252.0 ,-440.0 
-164.8 ,251.0 ,-440.0 
-164.8 ,250.0 ,-440.0 
-164.9 ,249.0 ,-440.0 
-164.9 ,248.0 ,-440.0 
-164.9 ,247.0 ,-440.0 
-165.0 ,246.0 ,-440.0 
-165.0 ,245.0 ,-440.0 
-165.0 ,244.0 ,-440.0 
-165.0 ,243.0 ,-440.0 
-165.1 ,242.0 ,-440.0 
-165.1 ,241.0 ,-440.0 
-165.1 ,240.0 ,-440.0 
-165.2 ,239.0 ,-440.0 
-165.2 ,238.0 ,-440.0 
-165.2 ,237.0 ,-440.0 
-165.2 ,236.0 ,-440.0 
-165.3 ,235.0 ,-440.0 
-165.3 ,234.0 ,-440.0 
-165.3 ,233.0 ,-440.0 
-165.3 ,232.0 ,-440.0 
-165.4 ,231.0 ,-440.0 
-165.4 ,230.0 ,-440.0 
-165.4 ,229.0 ,-440.0 
-165.5 ,228.0 ,-440.0 
-165.5 ,227.0 ,-440.0 
-165.5 ,226.0 ,-440.0 
-165.5 ,225.0 ,-440.0 
-165.6 ,224.0 ,-440.0 
-165.6 ,223.0 ,-440.0 
-165.6 ,222.0 ,-440.0 
-165.6 ,221.0 ,-440.0 
-165.7 ,220.0 ,-440.0 
-165.7 ,219.0 ,-440.0 
-165.7 ,218.0 ,-440.0 
-165.7 ,217.0 ,-440.0 
-165.8 ,216.0 ,-440.0 
-165.8 ,215.0 ,-440.0 
-165.8 ,214.0 ,-440.0 
-165.8 ,213.0 ,-440.0 
-165.9 ,212.0 ,-440.0 
-165.9 ,211.0 ,-440.0 
-165.9 ,210.0 ,-440.0 
-165.9 ,209.0 ,-440.0 
-166.0 ,208.0 ,-440.0 
-166.0 ,207.0 ,-440.0 
-166.0 ,206.0 ,-440.0 
-166.0 ,205.0 ,-440.0 
-166.1 ,204.0 ,-440.0 
-166.1 ,203.0 ,-440.0 
-166.1 ,202.0 ,-440.0 
-166.1 ,201.0 ,-440.0 
-166.1 ,200.0 ,-440.0 
-166.2 ,199.0 ,-440.0 
-166.2 ,198.0 ,-440.0 
-166.2 ,197.0 ,-440.0 
-166.2 ,196.0 ,-440.0 
-166.3 ,195.0 ,-440.0 
-166.3 ,194.0 ,-440.0 
-166.3 ,193.0 ,-440.0 
-166.3 ,192.0 ,-440.0 
-166.3 ,191.0 ,-440.0 
-166.4 ,190.0 ,-440.0 
-166.4 ,189.0 ,-440.0 
-166.4 ,188.0 ,-440.0 
-166.4 ,187.0 ,-440.0 
-166.5 ,186.0 ,-440.0 
-166.5 ,185.0 ,-440.0 
-166.5 ,184.0 ,-440.0 
-166.5 ,183.0 ,-440.0 
-166.5 ,182.0 ,-440.0 
-166.6 ,181.0 ,-440.0 
-166.6 ,180.0 ,-440.0 
-166.6 ,179.0 ,-440.0 
-166.6 ,178.0 ,-440.0 
-166.6 ,177.0 ,-440.0 
-166.7 ,176.0 ,-440.0 
-166.7 ,175.0 ,-440.0 
-166.7 ,174.0 ,-440.0 
-166.7 ,173.0 ,-440.0 
-166.7 ,172.0 ,-440.0 
-166.8 ,171.0 ,-440.0 
-166.8 ,170.0 ,-440.0 
-166.8 ,169.0 ,-440.0 
-166.8 ,168.0 ,-440.0 
-166.8 ,167.0 ,-440.0 
-166.9 ,166.0 ,-440.0 
-166.9 ,165.0 ,-440.0 
-166.9 ,164.0 ,-440.0 
-166.9 ,163.0 ,-440.0 
-166.9 ,162.0 ,-440.0 
-167.0 ,161.0 ,-440.0 
-167.0 ,160.0 ,-440.0 
-167.0 ,159.0 ,-440.0 
-167.0 ,158.0 ,-440.0 
-167.0 ,157.0 ,-440.0 
-167.0 ,156.0 ,-440.0 
-167.1 ,155.0 ,-440.0 
-167.1 ,154.0 ,-440.0 
-167.1 ,153.0 ,-440.0 
-167.1 ,152.0 ,-440.0 
-167.1 ,151.0 ,-440.0 
-167.2 ,150.0 ,-440.0 
-167.2 ,149.0 ,-440.0 
-167.2 ,148.0 ,-440.0 
-167.2 ,147.0 ,-440.0 
-167.2 ,146.0 ,-440.0 
-167.2 ,145.0 ,-440.0 
-167.3 ,144.0 ,-440.0 
-167.3 ,143.0 ,-440.0 
-167.3 ,142.0 ,-440.0 
-167.3 ,141.0 ,-440.0 
-167.3 ,140.0 ,-440.0 
-167.3 ,139.0 ,-440.0 
-167.4 ,138.0 ,-440.0 
-167.4 ,137.0 ,-440.0 
-167.4 ,136.0 ,-440.0 
-167.4 ,135.0 ,-440.0 
-167.4 ,134.0 ,-440.0 
-167.4 ,133.0 ,-440.0 
-167.4 ,132.0 ,-440.0 
-167.5 ,131.0 ,-440.0 
-167.5 ,130.0 ,-440.0 
-167.5 ,129.0 ,-440.0 
-167.5 ,128.0 ,-440.0 
-167.5 ,127.0 ,-440.0 
-167.5 ,126.0 ,-440.0 
-167.6 ,125.0 ,-440.0 
-167.6 ,124.0 ,-440.0 
-167.6 ,123.0 ,-440.0 
-167.6 ,122.0 ,-440.0 
-167.6 ,121.0 ,-440.0 
-167.6 ,120.0 ,-440.0 
-167.6 ,119.0 ,-440.0 
-167.7 ,118.0 ,-440.0 
-167.7 ,117.0 ,-440.0 
-167.7 ,116.0 ,-440.0 
-167.7 ,115.0 ,-440.0 
-167.7 ,114.0 ,-440.0 
-167.7 ,113.0 ,-440.0 
-167.7 ,112.0 ,-440.0 
-167.7 ,111.0 ,-440.0 
-167.8 ,110.0 ,-440.0 
-167.8 ,109.0 ,-440.0 
-167.8 ,108.0 ,-440.0 
-167.8 ,107.0 ,-440.0 
-167.8 ,106.0 ,-440.0 
-167.8 ,105.0 ,-440.0 
-167.8 ,104.0 ,-440.0 
-167.8 ,103.0 ,-440.0 
-167.9 ,102.0 ,-440.0 
-167.9 ,101.0 ,-440.0 
-167.9 ,100.0 ,-440.0 
-167.9 ,99.0 ,-440.0 
-167.9 ,98.0 ,-440.0 
-167.9 ,97.0 ,-440.0 
-167.9 ,96.0 ,-440.0 
-167.9 ,95.0 ,-440.0 
-167.9 ,94.0 ,-440.0 
-168.0 ,93.0 ,-440.0 
-168.0 ,92.0 ,-440.0 
-168.0 ,91.0 ,-440.0 
-168.0 ,90.0 ,-440.0 
-168.0 ,89.0 ,-440.0 
-168.0 ,88.0 ,-440.0 
-168.0 ,87.0 ,-440.0 
-168.0 ,86.0 ,-440.0 
-168.0 ,85.0 ,-440.0 
-168.0 ,84.0 ,-440.0 
-168.1 ,83.0 ,-440.0 
-168.1 ,82.0 ,-440.0 
-168.1 ,81.0 ,-440.0 
-168.1 ,80.0 ,-440.0 
-168.1 ,79.0 ,-440.0 
-168.1 ,78.0 ,-440.0 
-168.1 ,77.0 ,-440.0 
-168.1 ,76.0 ,-440.0 
-168.1 ,75.0 ,-440.0 
-168.1 ,74.0 ,-440.0 
-168.1 ,73.0 ,-440.0 
-168.2 ,72.0 ,-440.0 
-168.2 ,71.0 ,-440.0 
-168.2 ,70.0 ,-440.0 
-168.2 ,69.0 ,-440.0 
-168.2 ,68.0 ,-440.0 
-168.2 ,67.0 ,-440.0 
-168.2 ,66.0 ,-440.0 
-168.2 ,65.0 ,-440.0 
-168.2 ,64.0 ,-440.0 
-168.2 ,63.0 ,-440.0 
-168.2 ,62.0 ,-440.0 
-168.2 ,61.0 ,-440.0 
-168.2 ,60.0 ,-440.0 
-168.3 ,59.0 ,-440.0 
-168.3 ,58.0 ,-440.0 
-168.3 ,57.0 ,-440.0 
-168.3 ,56.0 ,-440.0 
-168.3 ,55.0 ,-440.0 
-168.3 ,54.0 ,-440.0 
-168.3 ,53.0 ,-440.0 
-168.3 ,52.0 ,-440.0 
-168.3 ,51.0 ,-440.0 
-168.3 ,50.0 ,-440.0 
-168.3 ,49.0 ,-440.0 
-168.3 ,48.0 ,-440.0 
-168.3 ,47.0 ,-440.0 
-168.3 ,46.0 ,-440.0 
-168.3 ,45.0 ,-440.0 
-168.3 ,44.0 ,-440.0 
-168.3 ,43.0 ,-440.0 
-168.4 ,42.0 ,-440.0 
-168.4 ,41.0 ,-440.0 
-168.4 ,40.0 ,-440.0 
-168.4 ,39.0 ,-440.0 
-168.4 ,38.0 ,-440.0 
-168.4 ,37.0 ,-440.0 
-168.4 ,36.0 ,-440.0 
-168.4 ,35.0 ,-440.0 
-168.4 ,34.0 ,-440.0 
-168.4 ,33.0 ,-440.0 
-168.4 ,32.0 ,-440.0 
-168.4 ,31.0 ,-440.0 
-168.4 ,30.0 ,-440.0 
-168.4 ,29.0 ,-440.0 
-168.4 ,28.0 ,-440.0 
-168.4 ,27.0 ,-440.0 
-168.4 ,26.0 ,-440.0 
-168.4 ,25.0 ,-440.0 
-168.4 ,24.0 ,-440.0 
-168.4 ,23.0 ,-440.0 
-168.4 ,22.0 ,-440.0 
-168.4 ,21.0 ,-440.0 
-168.4 ,20.0 ,-440.0 
-168.4 ,19.0 ,-440.0 
-168.4 ,18.0 ,-440.0 
-168.4 ,17.0 ,-440.0 
-168.4 ,16.0 ,-440.0 
-168.4 ,15.0 ,-440.0 
-168.4 ,14.0 ,-440.0 
-168.4 ,13.0 ,-440.0 
-168.4 ,12.0 ,-440.0 
-168.4 ,11.0 ,-440.0 
-168.4 ,10.0 ,-440.0 
-168.5 ,9.0 ,-440.0 
-168.5 ,8.0 ,-440.0 
-168.5 ,7.0 ,-440.0 
-168.5 ,6.0 ,-440.0 
-168.5 ,5.0 ,-440.0 
-168.5 ,4.0 ,-440.0 
-168.5 ,3.0 ,-440.0 
-168.5 ,2.0 ,-440.0 
-168.5 ,1.0 ,-440.0 
-168.5 ,0.0 ,-440.0 
-168.5 ,-1.0 ,-440.0 
-168.5 ,-2.0 ,-440.0 
-168.5 ,-3.0 ,-440.0 
-168.5 ,-4.0 ,-440.0 
-168.5 ,-5.0 ,-440.0 
-168.5 ,-6.0 ,-440.0 
-168.5 ,-7.0 ,-440.0 
-168.5 ,-8.0 ,-440.0 
-168.5 ,-9.0 ,-440.0 
-168.4 ,-10.0 ,-440.0 
-168.4 ,-11.0 ,-440.0 
-168.4 ,-12.0 ,-440.0 
-168.4 ,-13.0 ,-440.0 
-168.4 ,-14.0 ,-440.0 
-168.4 ,-15.0 ,-440.0 
-168.4 ,-16.0 ,-440.0 
-168.4 ,-17.0 ,-440.0 
-168.4 ,-18.0 ,-440.0 
-168.4 ,-19.0 ,-440.0 
-168.4 ,-20.0 ,-440.0 
-168.4 ,-21.0 ,-440.0 
-168.4 ,-22.0 ,-440.0 
-168.4 ,-23.0 ,-440.0 
-168.4 ,-24.0 ,-440.0 
-168.4 ,-25.0 ,-440.0 
-168.4 ,-26.0 ,-440.0 
-168.4 ,-27.0 ,-440.0 
-168.4 ,-28.0 ,-440.0 
-168.4 ,-29.0 ,-440.0 
-168.4 ,-30.0 ,-440.0 
-168.4 ,-31.0 ,-440.0 
-168.4 ,-32.0 ,-440.0 
-168.4 ,-33.0 ,-440.0 
-168.4 ,-34.0 ,-440.0 
-168.4 ,-35.0 ,-440.0 
-168.4 ,-36.0 ,-440.0 
-168.4 ,-37.0 ,-440.0 
-168.4 ,-38.0 ,-440.0 
-168.4 ,-39.0 ,-440.0 
-168.4 ,-40.0 ,-440.0 
-168.4 ,-41.0 ,-440.0 
-168.4 ,-42.0 ,-440.0 
-168.3 ,-43.0 ,-440.0 
-168.3 ,-44.0 ,-440.0 
-168.3 ,-45.0 ,-440.0 
-168.3 ,-46.0 ,-440.0 
-168.3 ,-47.0 ,-440.0 
-168.3 ,-48.0 ,-440.0 
-168.3 ,-49.0 ,-440.0 
-168.3 ,-50.0 ,-440.0 
-168.3 ,-51.0 ,-440.0 
-168.3 ,-52.0 ,-440.0 
-168.3 ,-53.0 ,-440.0 
-168.3 ,-54.0 ,-440.0 
-168.3 ,-55.0 ,-440.0 
-168.3 ,-56.0 ,-440.0 
-168.3 ,-57.0 ,-440.0 
-168.3 ,-58.0 ,-440.0 
-168.3 ,-59.0 ,-440.0 
-168.2 ,-60.0 ,-440.0 
-168.2 ,-61.0 ,-440.0 
-168.2 ,-62.0 ,-440.0 
-168.2 ,-63.0 ,-440.0 
-168.2 ,-64.0 ,-440.0 
-168.2 ,-65.0 ,-440.0 
-168.2 ,-66.0 ,-440.0 
-168.2 ,-67.0 ,-440.0 
-168.2 ,-68.0 ,-440.0 
-168.2 ,-69.0 ,-440.0 
-168.2 ,-70.0 ,-440.0 
-168.2 ,-71.0 ,-440.0 
-168.2 ,-72.0 ,-440.0 
-168.1 ,-73.0 ,-440.0 
-168.1 ,-74.0 ,-440.0 
-168.1 ,-75.0 ,-440.0 
-168.1 ,-76.0 ,-440.0 
-168.1 ,-77.0 ,-440.0 
-168.1 ,-78.0 ,-440.0 
-168.1 ,-79.0 ,-440.0 
-168.1 ,-80.0 ,-440.0 
-168.1 ,-81.0 ,-440.0 
-168.1 ,-82.0 ,-440.0 
-168.1 ,-83.0 ,-440.0 
-168.0 ,-84.0 ,-440.0 
-168.0 ,-85.0 ,-440.0 
-168.0 ,-86.0 ,-440.0 
-168.0 ,-87.0 ,-440.0 
-168.0 ,-88.0 ,-440.0 
-168.0 ,-89.0 ,-440.0 
-168.0 ,-90.0 ,-440.0 
-168.0 ,-91.0 ,-440.0 
-168.0 ,-92.0 ,-440.0 
-168.0 ,-93.0 ,-440.0 
-167.9 ,-94.0 ,-440.0 
-167.9 ,-95.0 ,-440.0 
-167.9 ,-96.0 ,-440.0 
-167.9 ,-97.0 ,-440.0 
-167.9 ,-98.0 ,-440.0 
-167.9 ,-99.0 ,-440.0 
-167.9 ,-100.0 ,-440.0 
-167.9 ,-101.0 ,-440.0 
-167.9 ,-102.0 ,-440.0 
-167.8 ,-103.0 ,-440.0 
-167.8 ,-104.0 ,-440.0 
-167.8 ,-105.0 ,-440.0 
-167.8 ,-106.0 ,-440.0 
-167.8 ,-107.0 ,-440.0 
-167.8 ,-108.0 ,-440.0 
-167.8 ,-109.0 ,-440.0 
-167.8 ,-110.0 ,-440.0 
-167.7 ,-111.0 ,-440.0 
-167.7 ,-112.0 ,-440.0 
-167.7 ,-113.0 ,-440.0 
-167.7 ,-114.0 ,-440.0 
-167.7 ,-115.0 ,-440.0 
-167.7 ,-116.0 ,-440.0 
-167.7 ,-117.0 ,-440.0 
-167.7 ,-118.0 ,-440.0 
-167.6 ,-119.0 ,-440.0 
-167.6 ,-120.0 ,-440.0 
-167.6 ,-121.0 ,-440.0 
-167.6 ,-122.0 ,-440.0 
-167.6 ,-123.0 ,-440.0 
-167.6 ,-124.0 ,-440.0 
-167.6 ,-125.0 ,-440.0 
-167.5 ,-126.0 ,-440.0 
-167.5 ,-127.0 ,-440.0 
-167.5 ,-128.0 ,-440.0 
-167.5 ,-129.0 ,-440.0 
-167.5 ,-130.0 ,-440.0 
-167.5 ,-131.0 ,-440.0 
-167.4 ,-132.0 ,-440.0 
-167.4 ,-133.0 ,-440.0 
-167.4 ,-134.0 ,-440.0 
-167.4 ,-135.0 ,-440.0 
-167.4 ,-136.0 ,-440.0 
-167.4 ,-137.0 ,-440.0 
-167.4 ,-138.0 ,-440.0 
-167.3 ,-139.0 ,-440.0 
-167.3 ,-140.0 ,-440.0 
-167.3 ,-141.0 ,-440.0 
-167.3 ,-142.0 ,-440.0 
-167.3 ,-143.0 ,-440.0 
-167.3 ,-144.0 ,-440.0 
-167.2 ,-145.0 ,-440.0 
-167.2 ,-146.0 ,-440.0 
-167.2 ,-147.0 ,-440.0 
-167.2 ,-148.0 ,-440.0 
-167.2 ,-149.0 ,-440.0 
-167.2 ,-150.0 ,-440.0 
-167.1 ,-151.0 ,-440.0 
-167.1 ,-152.0 ,-440.0 
-167.1 ,-153.0 ,-440.0 
-167.1 ,-154.0 ,-440.0 
-167.1 ,-155.0 ,-440.0 
-167.0 ,-156.0 ,-440.0 
-167.0 ,-157.0 ,-440.0 
-167.0 ,-158.0 ,-440.0 
-167.0 ,-159.0 ,-440.0 
-167.0 ,-160.0 ,-440.0 
-167.0 ,-161.0 ,-440.0 
-166.9 ,-162.0 ,-440.0 
-166.9 ,-163.0 ,-440.0 
-166.9 ,-164.0 ,-440.0 
-166.9 ,-165.0 ,-440.0 
-166.9 ,-166.0 ,-440.0 
-166.8 ,-167.0 ,-440.0 
-166.8 ,-168.0 ,-440.0 
-166.8 ,-169.0 ,-440.0 
-166.8 ,-170.0 ,-440.0 
-166.8 ,-171.0 ,-440.0 
-166.7 ,-172.0 ,-440.0 
-166.7 ,-173.0 ,-440.0 
-166.7 ,-174.0 ,-440.0 
-166.7 ,-175.0 ,-440.0 
-166.7 ,-176.0 ,-440.0 
-166.6 ,-177.0 ,-440.0 
-166.6 ,-178.0 ,-440.0 
-166.6 ,-179.0 ,-440.0 
-166.6 ,-180.0 ,-440.0 
-166.6 ,-181.0 ,-440.0 
-166.5 ,-182.0 ,-440.0 
-166.5 ,-183.0 ,-440.0 
-166.5 ,-184.0 ,-440.0 
-166.5 ,-185.0 ,-440.0 
-166.5 ,-186.0 ,-440.0 
-166.4 ,-187.0 ,-440.0 
-166.4 ,-188.0 ,-440.0 
-166.4 ,-189.0 ,-440.0 
-166.4 ,-190.0 ,-440.0 
-166.3 ,-191.0 ,-440.0 
-166.3 ,-192.0 ,-440.0 
-166.3 ,-193.0 ,-440.0 
-166.3 ,-194.0 ,-440.0 
-166.3 ,-195.0 ,-440.0 
-166.2 ,-196.0 ,-440.0 
-166.2 ,-197.0 ,-440.0 
-166.2 ,-198.0 ,-440.0 
-166.2 ,-199.0 ,-440.0 
-166.1 ,-200.0 ,-440.0 
-166.1 ,-201.0 ,-440.0 
-166.1 ,-202.0 ,-440.0 
-166.1 ,-203.0 ,-440.0 
-166.1 ,-204.0 ,-440.0 
-166.0 ,-205.0 ,-440.0 
-166.0 ,-206.0 ,-440.0 
-166.0 ,-207.0 ,-440.0 
-166.0 ,-208.0 ,-440.0 
-165.9 ,-209.0 ,-440.0 
-165.9 ,-210.0 ,-440.0 
-165.9 ,-211.0 ,-440.0 
-165.9 ,-212.0 ,-440.0 
-165.8 ,-213.0 ,-440.0 
-165.8 ,-214.0 ,-440.0 
-165.8 ,-215.0 ,-440.0 
-165.8 ,-216.0 ,-440.0 
-165.7 ,-217.0 ,-440.0 
-165.7 ,-218.0 ,-440.0 
-165.7 ,-219.0 ,-440.0 
-165.7 ,-220.0 ,-440.0 
-165.6 ,-221.0 ,-440.0 
-165.6 ,-222.0 ,-440.0 
-165.6 ,-223.0 ,-440.0 
-165.6 ,-224.0 ,-440.0 
-165.5 ,-225.0 ,-440.0 
-165.5 ,-226.0 ,-440.0 
-165.5 ,-227.0 ,-440.0 
-165.5 ,-228.0 ,-440.0 
-165.4 ,-229.0 ,-440.0 
-165.4 ,-230.0 ,-440.0 
-165.4 ,-231.0 ,-440.0 
-165.3 ,-232.0 ,-440.0 
-165.3 ,-233.0 ,-440.0 
-165.3 ,-234.0 ,-440.0 
-165.3 ,-235.0 ,-440.0 
-165.2 ,-236.0 ,-440.0 
-165.2 ,-237.0 ,-440.0 
-165.2 ,-238.0 ,-440.0 
-165.2 ,-239.0 ,-440.0 
-165.1 ,-240.0 ,-440.0 
-165.1 ,-241.0 ,-440.0 
-165.1 ,-242.0 ,-440.0 
-165.0 ,-243.0 ,-440.0 
-165.0 ,-244.0 ,-440.0 
-165.0 ,-245.0 ,-440.0 
-165.0 ,-246.0 ,-440.0 
-164.9 ,-247.0 ,-440.0 
-164.9 ,-248.0 ,-440.0 
-164.9 ,-249.0 ,-440.0 
-164.8 ,-250.0 ,-440.0 
-164.8 ,-251.0 ,-440.0 
-164.8 ,-252.0 ,-440.0 
-164.8 ,-253.0 ,-440.0 
-164.7 ,-254.0 ,-440.0 
-164.7 ,-255.0 ,-440.0 
-164.7 ,-256.0 ,-440.0 
-164.6 ,-257.0 ,-440.0 
-164.6 ,-258.0 ,-440.0 
-164.6 ,-259.0 ,-440.0 
-164.6 ,-260.0 ,-440.0 
-164.5 ,-261.0 ,-440.0 
-164.5 ,-262.0 ,-440.0 
-164.5 ,-263.0 ,-440.0 
-164.4 ,-264.0 ,-440.0 
-164.4 ,-265.0 ,-440.0 
-164.4 ,-266.0 ,-440.0 
-164.3 ,-267.0 ,-440.0 
-164.3 ,-268.0 ,-440.0 
-164.3 ,-269.0 ,-440.0 
-164.2 ,-270.0 ,-440.0 
-164.2 ,-271.0 ,-440.0 
-164.2 ,-272.0 ,-440.0 
-164.2 ,-273.0 ,-440.0 
-164.1 ,-274.0 ,-440.0 
-164.1 ,-275.0 ,-440.0 
-164.1 ,-276.0 ,-440.0 
-164.0 ,-277.0 ,-440.0 
-164.0 ,-278.0 ,-440.0 
-164.0 ,-279.0 ,-440.0 
-163.9 ,-280.0 ,-440.0 
-163.9 ,-281.0 ,-440.0 
-163.9 ,-282.0 ,-440.0 
-163.8 ,-283.0 ,-440.0 
-163.8 ,-284.0 ,-440.0 
-163.8 ,-285.0 ,-440.0 
-163.7 ,-286.0 ,-440.0 
-163.7 ,-287.0 ,-440.0 
-163.7 ,-288.0 ,-440.0 
-163.6 ,-289.0 ,-440.0 
-163.6 ,-290.0 ,-440.0 
-163.6 ,-291.0 ,-440.0 
-163.5 ,-292.0 ,-440.0 
-163.5 ,-293.0 ,-440.0 
-163.5 ,-294.0 ,-440.0 
-163.4 ,-295.0 ,-440.0 
-163.4 ,-296.0 ,-440.0 
-163.4 ,-297.0 ,-440.0 
-163.3 ,-298.0 ,-440.0 
-163.3 ,-299.0 ,-440.0 
-163.3 ,-300.0 ,-440.0 
-163.2 ,-301.0 ,-440.0 
-163.2 ,-302.0 ,-440.0 
-163.2 ,-303.0 ,-440.0 
-163.1 ,-304.0 ,-440.0 
-163.1 ,-305.0 ,-440.0 
-163.0 ,-306.0 ,-440.0 
-163.0 ,-307.0 ,-440.0 
-163.0 ,-308.0 ,-440.0 
-162.9 ,-309.0 ,-440.0 
-162.9 ,-310.0 ,-440.0 
-162.9 ,-311.0 ,-440.0 
-162.8 ,-312.0 ,-440.0 
-162.8 ,-313.0 ,-440.0 
-162.8 ,-314.0 ,-440.0 
-162.7 ,-315.0 ,-440.0 
-162.7 ,-316.0 ,-440.0 
-162.7 ,-317.0 ,-440.0 
-162.6 ,-318.0 ,-440.0 
-162.6 ,-319.0 ,-440.0 
-162.5 ,-320.0 ,-440.0 
-162.5 ,-321.0 ,-440.0 
-162.5 ,-322.0 ,-440.0 
-162.4 ,-323.0 ,-440.0 
-162.4 ,-324.0 ,-440.0 
-162.4 ,-325.0 ,-440.0 
-162.3 ,-326.0 ,-440.0 
-162.3 ,-327.0 ,-440.0 
-162.2 ,-328.0 ,-440.0 
-162.2 ,-329.0 ,-440.0 
-162.2 ,-330.0 ,-440.0 
-162.1 ,-331.0 ,-440.0 
-162.1 ,-332.0 ,-440.0 
-162.0 ,-333.0 ,-440.0 
-162.0 ,-334.0 ,-440.0 
-162.0 ,-335.0 ,-440.0 
-161.9 ,-336.0 ,-440.0 
-161.9 ,-337.0 ,-440.0 
-161.9 ,-338.0 ,-440.0 
-161.8 ,-339.0 ,-440.0 
-161.8 ,-340.0 ,-440.0 
-161.7 ,-341.0 ,-440.0 
-161.7 ,-342.0 ,-440.0 
-161.7 ,-343.0 ,-440.0 
-161.6 ,-344.0 ,-440.0 
-161.6 ,-345.0 ,-440.0 
-161.5 ,-346.0 ,-440.0 
-161.5 ,-347.0 ,-440.0 
-161.5 ,-348.0 ,-440.0 
-161.4 ,-349.0 ,-440.0 
-161.4 ,-350.0 ,-440.0 
-161.3 ,-351.0 ,-440.0 
-161.3 ,-352.0 ,-440.0 
-161.3 ,-353.0 ,-440.0 
-161.2 ,-354.0 ,-440.0 
-161.2 ,-355.0 ,-440.0 
-161.1 ,-356.0 ,-440.0 
-161.1 ,-357.0 ,-440.0 
-161.1 ,-358.0 ,-440.0 
-161.0 ,-359.0 ,-440.0 
-161.0 ,-360.0 ,-440.0 
-160.9 ,-361.0 ,-440.0 
-160.9 ,-362.0 ,-440.0 
-160.8 ,-363.0 ,-440.0 
-160.8 ,-364.0 ,-440.0 
-160.8 ,-365.0 ,-440.0 
-160.7 ,-366.0 ,-440.0 
-160.7 ,-367.0 ,-440.0 
-160.6 ,-368.0 ,-440.0 
-160.6 ,-369.0 ,-440.0 
-160.5 ,-370.0 ,-440.0 
-160.5 ,-371.0 ,-440.0 
-160.5 ,-372.0 ,-440.0 
-160.4 ,-373.0 ,-440.0 
-160.4 ,-374.0 ,-440.0 
-160.3 ,-375.0 ,-440.0 
-160.3 ,-376.0 ,-440.0 
-160.2 ,-377.0 ,-440.0 
-160.2 ,-378.0 ,-440.0 
-160.2 ,-379.0 ,-440.0 
-160.1 ,-380.0 ,-440.0 
-160.1 ,-381.0 ,-440.0 
-160.0 ,-382.0 ,-440.0 
-160.0 ,-383.0 ,-440.0 
-159.9 ,-384.0 ,-440.0 
-159.9 ,-385.0 ,-440.0 
-159.8 ,-386.0 ,-440.0 
-159.8 ,-387.0 ,-440.0 
-159.8 ,-388.0 ,-440.0 
-159.7 ,-389.0 ,-440.0 
-159.7 ,-390.0 ,-440.0 
-159.6 ,-391.0 ,-440.0 
-159.6 ,-392.0 ,-440.0 
-159.5 ,-393.0 ,-440.0 
-159.5 ,-394.0 ,-440.0 
-159.4 ,-395.0 ,-440.0 
-159.4 ,-396.0 ,-440.0 
-159.3 ,-397.0 ,-440.0 
-159.3 ,-398.0 ,-440.0 
-159.3 ,-399.0 ,-440.0 
-159.2 ,-400.0 ,-440.0 
-159.2 ,-401.0 ,-440.0 
-159.1 ,-402.0 ,-440.0 
-159.1 ,-403.0 ,-440.0 
-159.0 ,-404.0 ,-440.0 
-159.0 ,-405.0 ,-440.0 
-158.9 ,-406.0 ,-440.0 
-158.9 ,-407.0 ,-440.0 
-158.8 ,-408.0 ,-440.0 
-158.8 ,-409.0 ,-440.0 
-158.7 ,-410.0 ,-440.0 
-158.7 ,-411.0 ,-440.0 
-158.6 ,-412.0 ,-440.0 
-158.6 ,-413.0 ,-440.0 
-158.6 ,-414.0 ,-440.0 
-158.5 ,-415.0 ,-440.0 
-158.5 ,-416.0 ,-440.0 
-158.4 ,-417.0 ,-440.0 
-158.4 ,-418.0 ,-440.0 
-158.3 ,-419.0 ,-440.0 
-158.3 ,-420.0 ,-440.0 
-158.2 ,-421.0 ,-440.0 
-158.2 ,-422.0 ,-440.0 
-158.1 ,-423.0 ,-440.0 
-158.1 ,-424.0 ,-440.0 
-158.0 ,-425.0 ,-440.0 
-158.0 ,-426.0 ,-440.0 
-157.9 ,-427.0 ,-440.0 
-157.9 ,-428.0 ,-440.0 
-157.8 ,-429.0 ,-440.0 
-157.8 ,-430.0 ,-440.0 
-157.7 ,-431.0 ,-440.0 
-157.7 ,-432.0 ,-440.0 
-157.6 ,-433.0 ,-440.0 
-157.6 ,-434.0 ,-440.0 
-157.5 ,-435.0 ,-440.0 
-157.5 ,-436.0 ,-440.0 
-157.4 ,-437.0 ,-440.0 
-157.4 ,-438.0 ,-440.0 
-157.3 ,-439.0 ,-440.0 
-157.3 ,-440.0 ,-440.0 
-157.2 ,-441.0 ,-440.0 
-157.2 ,-442.0 ,-440.0 
-157.1 ,-443.0 ,-440.0 
-157.1 ,-444.0 ,-440.0 
-157.0 ,-445.0 ,-440.0 
-157.0 ,-446.0 ,-440.0 
-156.9 ,-447.0 ,-440.0 
-156.9 ,-448.0 ,-440.0 
-156.8 ,-449.0 ,-440.0 
-156.8 ,-450.0 ,-440.0 
-156.7 ,-451.0 ,-440.0 
-156.6 ,-452.0 ,-440.0 
-156.6 ,-453.0 ,-440.0 
-156.5 ,-454.0 ,-440.0 
-156.5 ,-455.0 ,-440.0 
-156.4 ,-456.0 ,-440.0 
-156.4 ,-457.0 ,-440.0 
-156.3 ,-458.0 ,-440.0 
-156.3 ,-459.0 ,-440.0 
-156.2 ,-460.0 ,-440.0 
-156.2 ,-461.0 ,-440.0 
-156.1 ,-462.0 ,-440.0 
-156.1 ,-463.0 ,-440.0 
-156.0 ,-464.0 ,-440.0 
-156.0 ,-465.0 ,-440.0 
-155.9 ,-466.0 ,-440.0 
-155.9 ,-467.0 ,-440.0 
-155.8 ,-468.0 ,-440.0 
-155.7 ,-469.0 ,-440.0 
-155.7 ,-470.0 ,-440.0 
-155.6 ,-471.0 ,-440.0 
-155.6 ,-472.0 ,-440.0 
-155.5 ,-473.0 ,-440.0 
-155.5 ,-474.0 ,-440.0 
-155.4 ,-475.0 ,-440.0 
-155.4 ,-476.0 ,-440.0 
-155.3 ,-477.0 ,-440.0 
-155.3 ,-478.0 ,-440.0 
-155.2 ,-479.0 ,-440.0 
-155.1 ,-480.0 ,-440.0 
-155.1 ,-481.0 ,-440.0 
-155.0 ,-482.0 ,-440.0 
-155.0 ,-483.0 ,-440.0 
-154.9 ,-484.0 ,-440.0 
-154.9 ,-485.0 ,-440.0 
-154.8 ,-486.0 ,-440.0 
-154.7 ,-487.0 ,-440.0 
-154.7 ,-488.0 ,-440.0 
-154.6 ,-489.0 ,-440.0 
-154.6 ,-490.0 ,-440.0 
-154.5 ,-491.0 ,-440.0 
-154.5 ,-492.0 ,-440.0 
-154.4 ,-493.0 ,-440.0 
-154.4 ,-494.0 ,-440.0 
-154.3 ,-495.0 ,-440.0 
-154.2 ,-496.0 ,-440.0 
-154.2 ,-497.0 ,-440.0 
-154.1 ,-498.0 ,-440.0 
-154.1 ,-499.0 ,-440.0 
-154.0 ,-500.0 ,-440.0 
-153.9 ,-501.0 ,-440.0 
-153.9 ,-502.0 ,-440.0 
-153.8 ,-503.0 ,-440.0 
-153.8 ,-504.0 ,-440.0 
-153.7 ,-505.0 ,-440.0 
-153.7 ,-506.0 ,-440.0 
-153.6 ,-507.0 ,-440.0 
-153.5 ,-508.0 ,-440.0 
-153.5 ,-509.0 ,-440.0 
-153.4 ,-510.0 ,-440.0 
-153.4 ,-511.0 ,-440.0 
-153.3 ,-512.0 ,-440.0 
-153.2 ,-513.0 ,-440.0 
-153.2 ,-514.0 ,-440.0 
-153.1 ,-515.0 ,-440.0 
-153.1 ,-516.0 ,-440.0 
-153.0 ,-517.0 ,-440.0 
-152.9 ,-518.0 ,-440.0 
-152.9 ,-519.0 ,-440.0 
-152.8 ,-520.0 ,-440.0 
-152.8 ,-521.0 ,-440.0 
-152.7 ,-522.0 ,-440.0 
-152.6 ,-523.0 ,-440.0 
-152.6 ,-524.0 ,-440.0 
-152.5 ,-525.0 ,-440.0 
-152.5 ,-526.0 ,-440.0 
-152.4 ,-527.0 ,-440.0 
-152.3 ,-528.0 ,-440.0 
-152.3 ,-529.0 ,-440.0 
-152.2 ,-530.0 ,-440.0 
-152.2 ,-531.0 ,-440.0 
-152.1 ,-532.0 ,-440.0 
-152.0 ,-533.0 ,-440.0 
-152.0 ,-534.0 ,-440.0 
-151.9 ,-535.0 ,-440.0 
-151.8 ,-536.0 ,-440.0 
-151.8 ,-537.0 ,-440.0 
-151.7 ,-538.0 ,-440.0 
-151.7 ,-539.0 ,-440.0 
-151.6 ,-540.0 ,-440.0 
-151.5 ,-541.0 ,-440.0 
-151.5 ,-542.0 ,-440.0 
-151.4 ,-543.0 ,-440.0 
-151.3 ,-544.0 ,-440.0 
-151.3 ,-545.0 ,-440.0 
-151.2 ,-546.0 ,-440.0 
-151.2 ,-547.0 ,-440.0 
-151.1 ,-548.0 ,-440.0 
-151.0 ,-549.0 ,-440.0 
-151.0 ,-550.0 ,-440.0 
-150.9 ,-551.0 ,-440.0 
-150.8 ,-552.0 ,-440.0 
-150.8 ,-553.0 ,-440.0 
-150.7 ,-554.0 ,-440.0 
-150.6 ,-555.0 ,-440.0 
-150.6 ,-556.0 ,-440.0 
-150.5 ,-557.0 ,-440.0 
-150.5 ,-558.0 ,-440.0 
-150.4 ,-559.0 ,-440.0 
-150.3 ,-560.0 ,-440.0 
-150.3 ,-561.0 ,-440.0 
-150.2 ,-562.0 ,-440.0 
-150.1 ,-563.0 ,-440.0 
-150.1 ,-564.0 ,-440.0 
-150.0 ,-565.0 ,-440.0 
-149.9 ,-566.0 ,-440.0 
-149.9 ,-567.0 ,-440.0 
-149.8 ,-568.0 ,-440.0 
-149.7 ,-569.0 ,-440.0 
-149.7 ,-570.0 ,-440.0 
-149.6 ,-571.0 ,-440.0 
-149.5 ,-572.0 ,-440.0 
-149.5 ,-573.0 ,-440.0 
-149.4 ,-574.0 ,-440.0 
-149.3 ,-575.0 ,-440.0 
-149.3 ,-576.0 ,-440.0 
-149.2 ,-577.0 ,-440.0 
-149.1 ,-578.0 ,-440.0 
-149.1 ,-579.0 ,-440.0 
-149.0 ,-580.0 ,-440.0 
-148.9 ,-581.0 ,-440.0 
-148.9 ,-582.0 ,-440.0 
-148.8 ,-583.0 ,-440.0 
-148.7 ,-584.0 ,-440.0 
-148.7 ,-585.0 ,-440.0 
-148.6 ,-586.0 ,-440.0 
-148.5 ,-587.0 ,-440.0 
-148.5 ,-588.0 ,-440.0 
-148.4 ,-589.0 ,-440.0 
-148.3 ,-590.0 ,-440.0 
-148.3 ,-591.0 ,-440.0 
-148.2 ,-592.0 ,-440.0 
-148.1 ,-593.0 ,-440.0 
-148.1 ,-594.0 ,-440.0 
-148.0 ,-595.0 ,-440.0 
-147.9 ,-596.0 ,-440.0 
-147.8 ,-597.0 ,-440.0 
-147.8 ,-598.0 ,-440.0 
-147.7 ,-599.0 ,-440.0 
-147.6 ,-600.0 ,-440.0 
-147.6 ,-601.0 ,-440.0 
-147.5 ,-602.0 ,-440.0 
-147.4 ,-603.0 ,-440.0 
-147.4 ,-604.0 ,-440.0 
-147.3 ,-605.0 ,-440.0 
-147.2 ,-606.0 ,-440.0 
-147.2 ,-607.0 ,-440.0 
-147.1 ,-608.0 ,-440.0 
-147.0 ,-609.0 ,-440.0 
-146.9 ,-610.0 ,-440.0 
-146.9 ,-611.0 ,-440.0 
-146.8 ,-612.0 ,-440.0 
-146.7 ,-613.0 ,-440.0 
-146.7 ,-614.0 ,-440.0 
-146.6 ,-615.0 ,-440.0 
-146.5 ,-616.0 ,-440.0 
-146.4 ,-617.0 ,-440.0 
-146.4 ,-618.0 ,-440.0 
-146.3 ,-619.0 ,-440.0 
-146.2 ,-620.0 ,-440.0 
-146.2 ,-621.0 ,-440.0 
-146.1 ,-622.0 ,-440.0 
-146.0 ,-623.0 ,-440.0 
-145.9 ,-624.0 ,-440.0 
-145.9 ,-625.0 ,-440.0 
-145.8 ,-626.0 ,-440.0 
-145.7 ,-627.0 ,-440.0 
-145.7 ,-628.0 ,-440.0 
-145.6 ,-629.0 ,-440.0 
-145.5 ,-630.0 ,-440.0 
-145.4 ,-631.0 ,-440.0 
-145.4 ,-632.0 ,-440.0 
-145.3 ,-633.0 ,-440.0 
-145.2 ,-634.0 ,-440.0 
-145.1 ,-635.0 ,-440.0 
-145.1 ,-636.0 ,-440.0 
-145.0 ,-637.0 ,-440.0 
-144.9 ,-638.0 ,-440.0 
-144.8 ,-639.0 ,-440.0 
-144.8 ,-640.0 ,-440.0 
-144.7 ,-641.0 ,-440.0 
-144.6 ,-642.0 ,-440.0 
-144.5 ,-643.0 ,-440.0 
-144.5 ,-644.0 ,-440.0 
-144.4 ,-645.0 ,-440.0 
-144.3 ,-646.0 ,-440.0 
-144.2 ,-647.0 ,-440.0 
-144.2 ,-648.0 ,-440.0 
-144.1 ,-649.0 ,-440.0 
-144.0 ,-650.0 ,-440.0 
-143.9 ,-651.0 ,-440.0 
-143.9 ,-652.0 ,-440.0 
-143.8 ,-653.0 ,-440.0 
-143.7 ,-654.0 ,-440.0 
-143.6 ,-655.0 ,-440.0 
-143.6 ,-656.0 ,-440.0 
-143.5 ,-657.0 ,-440.0 
-143.4 ,-658.0 ,-440.0 
-143.3 ,-659.0 ,-440.0 
-143.3 ,-660.0 ,-440.0 
-143.2 ,-661.0 ,-440.0 
-143.1 ,-662.0 ,-440.0 
-143.0 ,-663.0 ,-440.0 
-143.0 ,-664.0 ,-440.0 
-142.9 ,-665.0 ,-440.0 
-142.8 ,-666.0 ,-440.0 
-142.7 ,-667.0 ,-440.0 
-142.6 ,-668.0 ,-440.0 
-142.6 ,-669.0 ,-440.0 
-142.5 ,-670.0 ,-440.0 
-142.4 ,-671.0 ,-440.0 
-142.3 ,-672.0 ,-440.0 
-142.3 ,-673.0 ,-440.0 
-142.2 ,-674.0 ,-440.0 
-142.1 ,-675.0 ,-440.0 
-142.0 ,-676.0 ,-440.0 
-141.9 ,-677.0 ,-440.0 
-141.9 ,-678.0 ,-440.0 
-141.8 ,-679.0 ,-440.0 
-141.7 ,-680.0 ,-440.0 
-141.6 ,-681.0 ,-440.0 
-141.6 ,-682.0 ,-440.0 
-141.5 ,-683.0 ,-440.0 
-141.4 ,-684.0 ,-440.0 
-141.3 ,-685.0 ,-440.0 
-141.2 ,-686.0 ,-440.0 
-141.2 ,-687.0 ,-440.0 
-141.1 ,-688.0 ,-440.0 
-141.0 ,-689.0 ,-440.0 
-140.9 ,-690.0 ,-440.0 
-140.8 ,-691.0 ,-440.0 
-140.8 ,-692.0 ,-440.0 
-140.7 ,-693.0 ,-440.0 
-140.6 ,-694.0 ,-440.0 
-140.5 ,-695.0 ,-440.0 
-140.4 ,-696.0 ,-440.0 
-140.4 ,-697.0 ,-440.0 
-140.3 ,-698.0 ,-440.0 
-140.2 ,-699.0 ,-440.0 
-140.1 ,-700.0 ,-440.0 
-140.0 ,-701.0 ,-440.0 
-139.9 ,-702.1 ,-440.0 
-139.9 ,-703.1 ,-440.0 
-139.8 ,-704.2 ,-440.0 
-139.7 ,-705.2 ,-440.0 
-139.6 ,-706.3 ,-439.9 
-139.5 ,-707.3 ,-439.9 
-139.5 ,-708.4 ,-439.9 
-139.4 ,-709.4 ,-439.9 
-139.3 ,-710.5 ,-439.8 
-139.2 ,-711.5 ,-439.8 
-139.1 ,-712.6 ,-439.7 
-139.1 ,-713.6 ,-439.7 
-139.0 ,-714.7 ,-439.6 
-138.9 ,-715.7 ,-439.6 
-138.8 ,-716.7 ,-439.5 
-138.8 ,-717.8 ,-439.5 
-138.7 ,-718.8 ,-439.4 
-138.6 ,-719.9 ,-439.3 
-138.6 ,-720.9 ,-439.3 
-138.5 ,-722.0 ,-439.2 
-138.4 ,-723.0 ,-439.1 
-138.3 ,-724.1 ,-439.0 
-138.3 ,-725.1 ,-438.9 
-138.2 ,-726.1 ,-438.9 
-138.1 ,-727.2 ,-438.8 
-138.1 ,-728.2 ,-438.7 
-138.0 ,-729.3 ,-438.6 
-137.9 ,-730.3 ,-438.5 
-137.9 ,-731.4 ,-438.4 
-137.8 ,-732.4 ,-438.2 
-137.8 ,-733.4 ,-438.1 
-137.7 ,-734.5 ,-438.0 
-137.6 ,-735.5 ,-437.9 
-137.6 ,-736.6 ,-437.8 
-137.5 ,-737.6 ,-437.6 
-137.4 ,-738.6 ,-437.5 
-137.4 ,-739.7 ,-437.4 
-137.3 ,-740.7 ,-437.2 
-137.3 ,-741.8 ,-437.1 
-137.2 ,-742.8 ,-436.9 
-137.2 ,-743.8 ,-436.8 
-137.1 ,-744.9 ,-436.6 
-137.1 ,-745.9 ,-436.5 
-137.0 ,-746.9 ,-436.3 
-136.9 ,-748.0 ,-436.1 
-136.9 ,-749.0 ,-436.0 
-136.8 ,-750.0 ,-435.8 
-136.8 ,-751.1 ,-435.6 
-136.7 ,-752.1 ,-435.4 
-136.7 ,-753.1 ,-435.3 
-136.6 ,-754.2 ,-435.1 
-136.6 ,-755.2 ,-434.9 
-136.5 ,-756.2 ,-434.7 
-136.5 ,-757.2 ,-434.5 
-136.5 ,-758.3 ,-434.3 
-136.4 ,-759.3 ,-434.1 
-136.4 ,-760.3 ,-433.9 
-136.3 ,-761.3 ,-433.7 
-136.3 ,-762.4 ,-433.4 
-136.2 ,-763.4 ,-433.2 
-136.2 ,-764.4 ,-433.0 
-136.2 ,-765.4 ,-432.8 
-136.1 ,-766.5 ,-432.5 
-136.1 ,-767.5 ,-432.3 
-136.0 ,-768.5 ,-432.1 
-136.0 ,-769.5 ,-431.8 
-136.0 ,-770.5 ,-431.6 
-135.9 ,-771.6 ,-431.3 
-135.9 ,-772.6 ,-431.1 
-135.9 ,-773.6 ,-430.8 
-135.8 ,-774.6 ,-430.6 
-135.8 ,-775.6 ,-430.3 
-135.8 ,-776.6 ,-430.0 
-135.7 ,-777.6 ,-429.8 
-135.7 ,-778.7 ,-429.5 
-135.7 ,-779.7 ,-429.2 
-135.6 ,-780.7 ,-428.9 
-135.6 ,-781.7 ,-428.7 
-135.6 ,-782.7 ,-428.4 
-135.6 ,-783.7 ,-428.1 
-135.5 ,-784.7 ,-427.8 
-135.5 ,-785.7 ,-427.5 
-135.5 ,-786.7 ,-427.2 
-135.5 ,-787.7 ,-426.9 
-135.4 ,-788.7 ,-426.6 
-135.4 ,-789.7 ,-426.3 
-135.4 ,-790.7 ,-426.0 
-135.4 ,-791.7 ,-425.6 
-135.3 ,-792.7 ,-425.3 
-135.3 ,-793.7 ,-425.0 
-135.3 ,-794.7 ,-424.7 
-135.3 ,-795.7 ,-424.3 
-135.3 ,-796.7 ,-424.0 
-135.3 ,-797.7 ,-423.7 
-135.2 ,-798.7 ,-423.3 
-135.2 ,-799.6 ,-423.0 
-135.2 ,-800.6 ,-422.6 
-135.2 ,-801.6 ,-422.3 
-135.2 ,-802.6 ,-421.9 
-135.2 ,-803.6 ,-421.5 
-135.2 ,-804.6 ,-421.2 
-135.2 ,-805.6 ,-420.8 
-135.1 ,-806.5 ,-420.4 
-135.1 ,-807.5 ,-420.1 
-135.1 ,-808.5 ,-419.7 
-135.1 ,-809.5 ,-419.3 
-135.1 ,-810.4 ,-418.9 
-135.1 ,-811.4 ,-418.5 
-135.1 ,-812.4 ,-418.2 
-135.1 ,-813.4 ,-417.8 
-135.1 ,-814.3 ,-417.4 
-135.1 ,-815.3 ,-417.0 
-135.1 ,-816.3 ,-416.6 
-135.1 ,-817.2 ,-416.2 
-135.1 ,-818.2 ,-415.7 
-135.1 ,-819.1 ,-415.3 
-135.1 ,-820.1 ,-414.9 
-135.1 ,-821.1 ,-414.5 
-135.1 ,-822.0 ,-414.1 
-135.1 ,-823.0 ,-413.6 
-135.1 ,-823.9 ,-413.2 
-135.1 ,-824.9 ,-412.8 
-135.1 ,-825.8 ,-412.3 
-135.1 ,-826.8 ,-411.9 
-135.1 ,-827.7 ,-411.4 
-135.1 ,-828.7 ,-411.0 
-135.1 ,-829.6 ,-410.5 
-135.2 ,-830.6 ,-410.1 
-135.2 ,-831.5 ,-409.6 
-135.2 ,-832.5 ,-409.2 
-135.2 ,-833.4 ,-408.7 
-135.2 ,-834.3 ,-408.2 
-135.2 ,-835.3 ,-407.8 
-135.2 ,-836.2 ,-407.3 
-135.2 ,-837.1 ,-406.8 
-135.3 ,-838.1 ,-406.3 
-135.3 ,-839.0 ,-405.9 
-135.3 ,-839.9 ,-405.4 
-135.3 ,-840.8 ,-404.9 
-135.3 ,-841.8 ,-404.4 
-135.4 ,-842.7 ,-403.9 
-135.4 ,-843.6 ,-403.4 
-135.4 ,-844.5 ,-402.9 
-135.4 ,-845.4 ,-402.4 
-135.4 ,-846.4 ,-401.9 
-135.5 ,-847.3 ,-401.4 
-135.5 ,-848.2 ,-400.8 
-135.5 ,-849.1 ,-400.3 
-135.5 ,-850.0 ,-399.8 
-135.6 ,-850.9 ,-399.3 
-135.6 ,-851.8 ,-398.8 
-135.6 ,-852.7 ,-398.2 
-135.7 ,-853.6 ,-397.7 
-135.7 ,-854.5 ,-397.2 
-135.7 ,-855.4 ,-396.6 
-135.7 ,-856.3 ,-396.1 
-135.8 ,-857.2 ,-395.5 
-135.8 ,-858.1 ,-395.0 
-135.8 ,-859.0 ,-394.4 
-135.9 ,-859.9 ,-393.9 
-135.9 ,-860.7 ,-393.3 
-136.0 ,-861.6 ,-392.7 
-136.0 ,-862.5 ,-392.2 
-136.0 ,-863.4 ,-391.6 
-136.1 ,-864.3 ,-391.0 
-136.1 ,-865.1 ,-390.5 
-136.2 ,-866.0 ,-389.9 
-136.2 ,-866.9 ,-389.3 
-136.2 ,-867.8 ,-388.7 
-136.3 ,-868.6 ,-388.1 
-136.3 ,-869.5 ,-387.5 
-136.4 ,-870.4 ,-386.9 
-136.4 ,-871.2 ,-386.3 
-136.5 ,-872.1 ,-385.7 
-136.5 ,-872.9 ,-385.1 
-136.6 ,-873.8 ,-384.5 
-136.6 ,-874.6 ,-383.9 
-136.6 ,-875.5 ,-383.3 
-136.7 ,-876.3 ,-382.7 
-136.7 ,-877.2 ,-382.1 
-136.8 ,-878.0 ,-381.5 
-136.9 ,-878.9 ,-380.8 
-136.9 ,-879.7 ,-380.2 
-137.0 ,-880.5 ,-379.6 
-137.0 ,-881.4 ,-379.0 
-137.1 ,-882.2 ,-378.3 
-137.1 ,-883.0 ,-377.7 
-137.2 ,-883.9 ,-377.0 
-137.2 ,-884.7 ,-376.4 
-137.3 ,-885.5 ,-375.8 
-137.4 ,-886.3 ,-375.1 
-137.4 ,-887.2 ,-374.5 
-137.5 ,-888.0 ,-373.8 
-137.5 ,-888.8 ,-373.1 
-137.6 ,-889.6 ,-372.5 
-137.7 ,-890.4 ,-371.8 
-137.7 ,-891.2 ,-371.2 
-137.8 ,-892.0 ,-370.5 
-137.9 ,-892.8 ,-369.8 
-137.9 ,-893.6 ,-369.1 
-138.0 ,-894.4 ,-368.5 
-138.1 ,-895.2 ,-367.8 
-138.1 ,-896.0 ,-367.1 
-138.2 ,-896.8 ,-366.4 
-138.3 ,-897.6 ,-365.7 
-138.3 ,-898.4 ,-365.0 
-138.4 ,-899.2 ,-364.3 
-138.5 ,-900.0 ,-363.6 
-138.6 ,-900.7 ,-362.9 
-138.6 ,-901.5 ,-362.2 
-138.7 ,-902.3 ,-361.5 
-138.8 ,-903.1 ,-360.8 
-138.9 ,-903.8 ,-360.1 
-138.9 ,-904.6 ,-359.4 
-139.0 ,-905.4 ,-358.7 
-139.1 ,-906.1 ,-358.0 
-139.2 ,-906.9 ,-357.3 
-139.3 ,-907.6 ,-356.5 
-139.3 ,-908.4 ,-355.8 
-139.4 ,-909.1 ,-355.1 
-139.5 ,-909.9 ,-354.3 
-139.6 ,-910.6 ,-353.6 
-139.7 ,-911.4 ,-352.9 
-139.8 ,-912.1 ,-352.1 
-139.8 ,-912.9 ,-351.4 
-139.9 ,-913.6 ,-350.6 
-140.0 ,-914.3 ,-349.9 
-140.1 ,-915.1 ,-349.1 
-140.2 ,-915.8 ,-348.4 
-140.3 ,-916.5 ,-347.6 
-140.4 ,-917.3 ,-346.9 
-140.5 ,-918.0 ,-346.1 
-140.6 ,-918.7 ,-345.4 
-140.7 ,-919.4 ,-344.6 
-140.7 ,-920.1 ,-343.8 
-140.8 ,-920.8 ,-343.1 
-140.9 ,-921.5 ,-342.3 
-141.0 ,-922.2 ,-341.5 
-141.1 ,-922.9 ,-340.7 
-141.2 ,-923.6 ,-340.0 
-141.3 ,-924.3 ,-339.2 
-141.4 ,-925.0 ,-338.4 
-141.5 ,-925.7 ,-337.6 
-141.6 ,-926.4 ,-336.8 
-141.7 ,-927.1 ,-336.0 
-141.8 ,-927.8 ,-335.2 
-141.9 ,-928.5 ,-334.4 
-142.0 ,-929.1 ,-333.6 
-142.1 ,-929.8 ,-332.8 
-142.3 ,-930.5 ,-332.0 
-142.4 ,-931.2 ,-331.2 
-142.5 ,-931.8 ,-330.4 
-142.6 ,-932.5 ,-329.6 
-142.7 ,-933.1 ,-328.8 
-142.8 ,-933.8 ,-328.0 
-142.9 ,-934.5 ,-327.2 
-143.0 ,-935.1 ,-326.3 
-143.1 ,-935.8 ,-325.5 
-143.2 ,-936.4 ,-324.7 
-143.3 ,-937.0 ,-323.9 
-143.5 ,-937.7 ,-323.0 
-143.6 ,-938.3 ,-322.2 
-143.7 ,-939.0 ,-321.4 
-143.8 ,-939.6 ,-320.5 
-143.9 ,-940.2 ,-319.7 
-144.0 ,-940.8 ,-318.9 
-144.2 ,-941.5 ,-318.0 
-144.3 ,-942.1 ,-317.2 
-144.4 ,-942.7 ,-316.3 
-144.5 ,-943.3 ,-315.5 
-144.6 ,-943.9 ,-314.6 
-144.8 ,-944.5 ,-313.8 
-144.9 ,-945.1 ,-312.9 
-145.0 ,-945.7 ,-312.1 
-145.1 ,-946.3 ,-311.2 
-145.3 ,-946.9 ,-310.4 
-145.4 ,-947.5 ,-309.5 
-145.5 ,-948.1 ,-308.6 
-145.6 ,-948.7 ,-307.8 
-145.8 ,-949.3 ,-306.9 
-145.9 ,-949.9 ,-306.0 
-146.0 ,-950.5 ,-305.1 
-146.2 ,-951.0 ,-304.3 
-146.3 ,-951.6 ,-303.4 
-146.4 ,-952.2 ,-302.5 
-146.6 ,-952.7 ,-301.6 
-146.7 ,-953.3 ,-300.7 
-146.8 ,-953.9 ,-299.9 
-147.0 ,-954.4 ,-299.0 
-147.1 ,-955.0 ,-298.1 
-147.2 ,-955.5 ,-297.2 
-147.4 ,-956.1 ,-296.3 
-147.5 ,-956.6 ,-295.4 
-147.6 ,-957.2 ,-294.5 
-147.8 ,-957.7 ,-293.6 
-147.9 ,-958.2 ,-292.7 
-148.1 ,-958.8 ,-291.8 
-148.2 ,-959.3 ,-290.9 
-148.4 ,-959.8 ,-290.0 
-148.5 ,-960.3 ,-289.1 
-148.6 ,-960.8 ,-288.2 
-148.8 ,-961.4 ,-287.3 
-148.9 ,-961.9 ,-286.4 
-149.1 ,-962.4 ,-285.4 
-149.2 ,-962.9 ,-284.5 
-149.4 ,-963.4 ,-283.6 
-149.5 ,-963.9 ,-282.7 
-149.7 ,-964.4 ,-281.8 
-149.8 ,-964.9 ,-280.8 
-150.0 ,-965.4 ,-279.9 
-150.1 ,-965.9 ,-279.0 
-150.3 ,-966.3 ,-278.1 
-150.4 ,-966.8 ,-277.1 
-150.6 ,-967.3 ,-276.2 
-150.7 ,-967.8 ,-275.3 
-150.9 ,-968.2 ,-274.3 
-151.0 ,-968.7 ,-273.4 
-151.2 ,-969.2 ,-272.5 
-151.3 ,-969.6 ,-271.5 
-151.5 ,-970.1 ,-270.6 
-151.7 ,-970.5 ,-269.6 
-151.8 ,-971.0 ,-268.7 
-152.0 ,-971.4 ,-267.7 
-152.1 ,-971.9 ,-266.8 
-152.3 ,-972.3 ,-265.8 
-152.5 ,-972.8 ,-264.9 
-152.6 ,-973.2 ,-263.9 
-152.8 ,-973.6 ,-263.0 
-153.0 ,-974.1 ,-262.0 
-153.1 ,-974.5 ,-261.1 
-153.3 ,-974.9 ,-260.1 
-153.4 ,-975.3 ,-259.1 
-153.6 ,-975.7 ,-258.2 
-153.8 ,-976.2 ,-257.2 
-153.9 ,-976.6 ,-256.3 
-154.1 ,-977.0 ,-255.3 
-154.3 ,-977.4 ,-254.3 
-154.5 ,-977.8 ,-253.4 
-154.6 ,-978.2 ,-252.4 
-154.8 ,-978.5 ,-251.4 
-155.0 ,-978.9 ,-250.4 
-155.1 ,-979.3 ,-249.5 
-155.3 ,-979.7 ,-248.5 
-155.5 ,-980.1 ,-247.5 
-155.7 ,-980.4 ,-246.5 
-155.8 ,-980.8 ,-245.6 
-156.0 ,-981.2 ,-244.6 
-156.2 ,-981.5 ,-243.6 
-156.4 ,-981.9 ,-242.6 
-156.5 ,-982.3 ,-241.6 
-156.7 ,-982.6 ,-240.6 
-156.9 ,-983.0 ,-239.6 
-157.1 ,-983.3 ,-238.7 
-157.3 ,-983.7 ,-237.7 
-157.4 ,-984.0 ,-236.7 
-157.6 ,-984.3 ,-235.7 
-157.8 ,-984.7 ,-234.7 
-158.0 ,-985.0 ,-233.7 
-158.2 ,-985.3 ,-232.7 
-158.4 ,-985.6 ,-231.7 
-158.5 ,-986.0 ,-230.7 
-158.7 ,-986.3 ,-229.7 
-158.9 ,-986.6 ,-228.7 
-159.1 ,-986.9 ,-227.7 
-159.3 ,-987.2 ,-226.7 
-159.5 ,-987.5 ,-225.7 
-159.7 ,-987.8 ,-224.7 
-159.8 ,-988.1 ,-223.7 
-160.0 ,-988.4 ,-222.7 
-160.2 ,-988.7 ,-221.7 
-160.4 ,-988.9 ,-220.7 
-160.6 ,-989.2 ,-219.7 
-160.8 ,-989.5 ,-218.7 
-161.0 ,-989.8 ,-217.6 
-161.2 ,-990.0 ,-216.6 
-161.4 ,-990.3 ,-215.6 
-161.6 ,-990.6 ,-214.6 
-161.8 ,-990.8 ,-213.6 
-162.0 ,-991.1 ,-212.6 
-162.2 ,-991.3 ,-211.6 
-162.4 ,-991.6 ,-210.5 
-162.6 ,-991.8 ,-209.5 
-162.8 ,-992.1 ,-208.5 
-163.0 ,-992.3 ,-207.5 
-163.2 ,-992.5 ,-206.5 
-163.4 ,-992.8 ,-205.4 
-163.6 ,-993.0 ,-204.4 
-163.8 ,-993.2 ,-203.4 
-164.0 ,-993.4 ,-202.4 
-164.2 ,-993.7 ,-201.3 
-164.4 ,-993.9 ,-200.3 
-164.6 ,-994.1 ,-199.3 
-164.8 ,-994.3 ,-198.3 
-165.0 ,-994.5 ,-197.2 
-165.2 ,-994.7 ,-196.2 
-165.4 ,-994.9 ,-195.2 
-165.6 ,-995.1 ,-194.2 
-165.8 ,-995.3 ,-193.1 
-166.0 ,-995.4 ,-192.1 
-166.2 ,-995.6 ,-191.1 
-166.4 ,-995.8 ,-190.0 
-166.6 ,-996.0 ,-189.0 
-166.8 ,-996.1 ,-188.0 
-167.1 ,-996.3 ,-186.9 
-167.3 ,-996.5 ,-185.9 
-167.5 ,-996.6 ,-184.9 
-167.7 ,-996.8 ,-183.8 
-167.9 ,-996.9 ,-182.8 
-168.1 ,-997.1 ,-181.8 
-168.3 ,-997.2 ,-180.7 
-168.5 ,-997.4 ,-179.7 
-168.8 ,-997.5 ,-178.6 
-169.0 ,-997.6 ,-177.6 
-169.2 ,-997.8 ,-176.6 
-169.4 ,-997.9 ,-175.5 
-169.6 ,-998.0 ,-174.5 
-169.8 ,-998.1 ,-173.4 
-170.0 ,-998.2 ,-172.4 
-170.3 ,-998.4 ,-171.4 
-170.5 ,-998.5 ,-170.3 
-170.7 ,-998.6 ,-169.3 
-170.9 ,-998.7 ,-168.2 
-171.1 ,-998.8 ,-167.2 
-171.4 ,-998.9 ,-166.1 
-171.6 ,-998.9 ,-165.1 
-171.8 ,-999.0 ,-164.1 
-172.0 ,-999.1 ,-163.0 
-172.3 ,-999.2 ,-162.0 
-172.5 ,-999.3 ,-160.9 
-172.7 ,-999.3 ,-159.9 
-172.9 ,-999.4 ,-158.8 
-173.1 ,-999.5 ,-157.8 
-173.4 ,-999.5 ,-156.7 
-173.6 ,-999.6 ,-155.7 
-173.8 ,-999.6 ,-154.7 
-174.0 ,-999.7 ,-153.6 
-174.3 ,-999.7 ,-152.6 
-174.5 ,-999.8 ,-151.5 
-174.7 ,-999.8 ,-150.5 
-175.0 ,-999.9 ,-149.4 
-175.2 ,-999.9 ,-148.4 
-175.4 ,-999.9 ,-147.3 
-175.6 ,-999.9 ,-146.3 
-175.9 ,-1000.0 ,-145.2 
-176.1 ,-1000.0 ,-144.2 
-176.3 ,-1000.0 ,-143.1 
-176.6 ,-1000.0 ,-142.1 
-176.8 ,-1000.0 ,-141.0 
-177.0 ,-1000.0 ,-140.0 
-177.2 ,-1000.0 ,-139.0 
-177.5 ,-1000.0 ,-138.0 
-177.7 ,-1000.0 ,-137.1 
-177.9 ,-1000.0 ,-136.1 
-178.1 ,-1000.0 ,-135.1 
-178.3 ,-1000.0 ,-134.1 
-178.5 ,-1000.0 ,-133.2 
-178.8 ,-1000.0 ,-132.2 
-179.0 ,-1000.0 ,-131.2 
-179.2 ,-1000.0 ,-130.2 
-179.4 ,-1000.0 ,-129.3 
-179.6 ,-1000.0 ,-128.3 
-179.8 ,-1000.0 ,-127.3 
-180.1 ,-1000.0 ,-126.3 
-180.3 ,-1000.0 ,-125.4 
-180.5 ,-1000.0 ,-124.4 
-180.7 ,-1000.0 ,-123.4 
-180.9 ,-1000.0 ,-122.4 
-181.1 ,-1000.0 ,-121.5 
-181.4 ,-1000.0 ,-120.5 
-181.6 ,-1000.0 ,-119.5 
-181.8 ,-1000.0 ,-118.5 
-182.0 ,-1000.0 ,-117.5 
-182.2 ,-1000.0 ,-116.6 
-182.4 ,-1000.0 ,-115.6 
-182.7 ,-1000.0 ,-114.6 
-182.9 ,-1000.0 ,-113.6 
-183.1 ,-1000.0 ,-112.7 
-183.3 ,-1000.0 ,-111.7 
-183.5 ,-1000.0 ,-110.7 
-183.7 ,-1000.0 ,-109.7 
-184.0 ,-1000.0 ,-108.8 
-184.2 ,-1000.0 ,-107.8 
-184.4 ,-1000.0 ,-106.8 
-184.6 ,-1000.0 ,-105.8 
-184.8 ,-1000.0 ,-104.9 
-185.0 ,-1000.0 ,-103.9 
-185.3 ,-1000.0 ,-102.9 
-185.5 ,-1000.0 ,-101.9 
-185.7 ,-1000.0 ,-100.9 
-185.9 ,-1000.0 ,-100.0 
-186.1 ,-1000.0 ,-99.0 
-186.3 ,-1000.0 ,-98.0 
-186.6 ,-1000.0 ,-97.0 
-186.8 ,-1000.0 ,-96.1 
-187.0 ,-1000.0 ,-95.1 
-187.2 ,-1000.0 ,-94.1 
-187.4 ,-1000.0 ,-93.1 
-187.6 ,-1000.0 ,-92.2 
-187.8 ,-1000.0 ,-91.2 
-188.1 ,-1000.0 ,-90.2 
-188.3 ,-1000.0 ,-89.2 
-188.5 ,-1000.0 ,-88.3 
-188.7 ,-1000.0 ,-87.3 
-188.9 ,-1000.0 ,-86.3 
-189.1 ,-1000.0 ,-85.3 
-189.4 ,-1000.0 ,-84.4 
-189.6 ,-1000.0 ,-83.4 
-189.8 ,-1000.0 ,-82.4 
-190.0 ,-1000.0 ,-81.4 
-190.2 ,-1000.0 ,-80.4 
-190.4 ,-1000.0 ,-79.5 
-190.7 ,-1000.0 ,-78.5 
-190.9 ,-1000.0 ,-77.5 
-191.1 ,-1000.0 ,-76.5 
-191.3 ,-1000.0 ,-75.6 
-191.5 ,-1000.0 ,-74.6 
-191.7 ,-1000.0 ,-73.6 
-192.0 ,-1000.0 ,-72.6 
-192.2 ,-1000.0 ,-71.7 
-192.4 ,-1000.0 ,-70.7 
-192.6 ,-1000.0 ,-69.7 
-192.8 ,-1000.0 ,-68.7 
-193.0 ,-1000.0 ,-67.8 
-193.3 ,-1000.0 ,-66.8 
-193.5 ,-1000.0 ,-65.8 
-193.7 ,-1000.0 ,-64.8 
-193.9 ,-1000.0 ,-63.8 
-194.1 ,-1000.0 ,-62.9 
-194.3 ,-1000.0 ,-61.9 
-194.6 ,-1000.0 ,-60.9 
-194.8 ,-1000.0 ,-59.9 
-195.0 ,-1000.0 ,-59.0 
-195.2 ,-1000.0 ,-58.0 
-195.4 ,-1000.0 ,-57.0 
-195.6 ,-1000.0 ,-56.0 
-195.9 ,-1000.0 ,-55.1 
-196.1 ,-1000.0 ,-54.1 
-196.3 ,-1000.0 ,-53.1 
-196.5 ,-1000.0 ,-52.1 
-196.7 ,-1000.0 ,-51.2 
-196.9 ,-1000.0 ,-50.2 
-197.2 ,-1000.0 ,-49.2 
-197.4 ,-1000.0 ,-48.2 
-197.6 ,-1000.0 ,-47.3 
-197.8 ,-1000.0 ,-46.3 
-198.0 ,-1000.0 ,-45.3 
-198.2 ,-1000.0 ,-44.3 
-198.5 ,-1000.0 ,-43.3 
-198.7 ,-1000.0 ,-42.4 
-198.9 ,-1000.0 ,-41.4 
-199.1 ,-1000.0 ,-40.4 
-199.3 ,-1000.0 ,-39.4 
-199.5 ,-1000.0 ,-38.5 
-199.8 ,-1000.0 ,-37.5 
-200.0 ,-1000.0 ,-36.5 
-200.2 ,-1000.0 ,-35.5 
-200.4 ,-1000.0 ,-34.6 
-200.6 ,-1000.0 ,-33.6 
-200.8 ,-1000.0 ,-32.6 
-201.1 ,-1000.0 ,-31.6 
-201.3 ,-1000.0 ,-30.7 
-201.5 ,-1000.0 ,-29.7 
-201.7 ,-1000.0 ,-28.7 
-201.9 ,-1000.0 ,-27.7 
-202.1 ,-1000.0 ,-26.7 
-202.4 ,-1000.0 ,-25.8 
-202.6 ,-1000.0 ,-24.8 
-202.8 ,-1000.0 ,-23.8 
-203.0 ,-1000.0 ,-22.8 
-203.2 ,-1000.0 ,-21.9 
-203.4 ,-1000.0 ,-20.9 
-203.6 ,-1000.0 ,-19.9 
-203.9 ,-1000.0 ,-18.9 
-204.1 ,-1000.0 ,-18.0 
-204.3 ,-1000.0 ,-17.0 
-204.5 ,-1000.0 ,-16.0 
-204.7 ,-1000.0 ,-15.0 
-204.9 ,-1000.0 ,-14.1 
-205.2 ,-1000.0 ,-13.1 
-205.4 ,-1000.0 ,-12.1 
-205.6 ,-1000.0 ,-11.1 
-205.8 ,-1000.0 ,-10.2 
-206.0 ,-1000.0 ,-9.2 
-206.2 ,-1000.0 ,-8.2 
-206.5 ,-1000.0 ,-7.2 
-206.7 ,-1000.0 ,-6.2 
-206.9 ,-1000.0 ,-5.3 
-207.1 ,-1000.0 ,-4.3 
-207.3 ,-1000.0 ,-3.3 
-207.5 ,-1000.0 ,-2.3 
-207.8 ,-1000.0 ,-1.4 
-208.0 ,-1000.0 ,-0.4 
-208.2 ,-1000.0 ,0.6 
-208.4 ,-1000.0 ,1.6 
-208.6 ,-1000.0 ,2.5 
-208.8 ,-1000.0 ,3.5 
-209.1 ,-1000.0 ,4.5 
-209.3 ,-1000.0 ,5.5 
-209.5 ,-1000.0 ,6.4 
-209.7 ,-1000.0 ,7.4 
-209.9 ,-1000.0 ,8.4 
-210.1 ,-1000.0 ,9.4 
-210.4 ,-1000.0 ,10.3 
-106.2 ,-1000.0 ,382.0 
-106.2 ,-1000.0 ,383.0 
-106.1 ,-1000.0 ,384.0 
-106.1 ,-1000.0 ,385.0 
-106.0 ,-1000.0 ,386.0 
-106.0 ,-1000.0 ,387.0 
-105.9 ,-1000.0 ,388.0 
-105.9 ,-1000.0 ,389.0 
-105.8 ,-1000.0 ,390.0 
-105.8 ,-1000.0 ,391.0 
-105.7 ,-1000.0 ,392.0 
-105.6 ,-1000.0 ,393.0 
-105.6 ,-1000.0 ,394.0 
-105.5 ,-1000.0 ,395.0 
-105.5 ,-1000.0 ,396.0 
-105.4 ,-1000.0 ,397.0 
-105.4 ,-1000.0 ,398.0 
-105.3 ,-1000.0 ,399.0 
-105.3 ,-1000.0 ,400.0 
-105.2 ,-1000.0 ,401.0 
-105.2 ,-1000.0 ,402.0 
-105.1 ,-1000.0 ,403.0 
-105.1 ,-1000.0 ,404.0 
-105.0 ,-1000.0 ,405.0 
-105.0 ,-1000.0 ,406.0 
-104.9 ,-1000.0 ,407.0 
-104.9 ,-1000.0 ,408.0 
-104.8 ,-1000.0 ,409.0 
-104.8 ,-1000.0 ,410.0 
-104.7 ,-1000.0 ,411.0 
-104.7 ,-1000.0 ,412.0 
-104.6 ,-1000.0 ,413.0 
-104.6 ,-1000.0 ,414.0 
-104.5 ,-1000.0 ,415.0 
-104.4 ,-1000.0 ,416.0 
-104.4 ,-1000.0 ,417.0 
-104.3 ,-1000.0 ,418.0 
-104.3 ,-1000.0 ,418.9 
-104.2 ,-1000.0 ,419.9 
-104.2 ,-1000.0 ,420.9 
-104.1 ,-1000.0 ,421.9 
-104.1 ,-1000.0 ,422.9 
-104.0 ,-1000.0 ,423.9 
-104.0 ,-1000.0 ,424.9 
-103.9 ,-1000.0 ,425.9 
-103.9 ,-1000.0 ,426.9 
-103.8 ,-1000.0 ,427.9 
-103.8 ,-1000.0 ,428.9 
-103.7 ,-1000.0 ,429.9 
-103.7 ,-1000.0 ,430.9 
-103.6 ,-1000.0 ,431.9 
-103.6 ,-1000.0 ,432.9 
-103.5 ,-1000.0 ,433.9 
-103.5 ,-1000.0 ,434.9 
-103.4 ,-1000.0 ,435.9 
-103.3 ,-1000.0 ,436.9 
-103.3 ,-1000.0 ,437.9 
-103.2 ,-1000.0 ,438.9 
-103.2 ,-1000.0 ,439.9 
-103.1 ,-1000.0 ,440.9 
-103.1 ,-1000.0 ,441.9 
-103.0 ,-1000.0 ,442.9 
-103.0 ,-1000.0 ,443.9 
-102.9 ,-1000.0 ,444.9 
-102.9 ,-1000.0 ,445.9 
-102.8 ,-1000.0 ,446.9 
-102.8 ,-1000.0 ,447.9 
-102.7 ,-1000.0 ,448.9 
-102.7 ,-1000.0 ,449.9 
-102.6 ,-1000.0 ,450.9 
-102.6 ,-1000.0 ,451.9 
-102.5 ,-1000.0 ,452.9 
-102.5 ,-1000.0 ,453.9 
-102.4 ,-1000.0 ,454.9 
-102.4 ,-1000.0 ,455.9 
-102.3 ,-1000.0 ,456.9 
-102.2 ,-1000.0 ,457.9 
-102.2 ,-1000.0 ,458.9 
-102.1 ,-1000.0 ,459.9 
-102.1 ,-1000.0 ,460.9 
-102.0 ,-1000.0 ,461.9 
-102.0 ,-1000.0 ,462.9 
-101.9 ,-1000.0 ,463.9 
-101.9 ,-1000.0 ,464.9 
-101.8 ,-1000.0 ,465.9 
-101.8 ,-1000.0 ,466.9 
-101.7 ,-1000.0 ,467.9 
-101.7 ,-1000.0 ,468.9 
-101.6 ,-1000.0 ,469.9 
-101.6 ,-1000.0 ,470.9 
-101.5 ,-1000.0 ,471.9 
-101.5 ,-1000.0 ,472.9 
-101.4 ,-1000.0 ,473.9 
-101.4 ,-1000.0 ,474.9 
-101.3 ,-1000.0 ,475.9 
-101.3 ,-1000.0 ,476.9 
-101.2 ,-1000.0 ,477.9 
-101.1 ,-1000.0 ,478.9 
-101.1 ,-1000.0 ,479.9 
-101.0 ,-1000.0 ,480.9 
-101.0 ,-1000.0 ,481.9 
-100.9 ,-1000.0 ,482.9 
-100.9 ,-1000.0 ,483.9 
-100.8 ,-1000.0 ,484.9 
-100.8 ,-1000.0 ,485.9 
-100.7 ,-1000.0 ,486.9 
-100.7 ,-1000.0 ,487.9 
-100.6 ,-1000.0 ,488.9 
-100.6 ,-1000.0 ,489.9 
-100.5 ,-1000.0 ,490.9 
-100.5 ,-1000.0 ,491.8 
-100.4 ,-1000.0 ,492.8 
-100.4 ,-1000.0 ,493.8 
-100.3 ,-1000.0 ,494.8 
-100.3 ,-1000.0 ,495.8 
-100.2 ,-1000.0 ,496.8 
-100.2 ,-1000.0 ,497.8 
-100.1 ,-1000.0 ,498.8 
-100.0 ,-1000.0 ,499.8 
-100.0 ,-1000.0 ,500.8 
-99.9 ,-1000.0 ,501.8 
-99.9 ,-1000.0 ,502.8 
-99.8 ,-1000.0 ,503.8 
-99.8 ,-1000.0 ,504.8 
-99.7 ,-1000.0 ,505.8 
-99.7 ,-1000.0 ,506.8 
-99.6 ,-1000.0 ,507.8 
-99.6 ,-1000.0 ,508.8 
-99.5 ,-1000.0 ,509.8 
-99.5 ,-1000.0 ,510.8 
-99.4 ,-1000.0 ,511.8 
-99.4 ,-1000.0 ,512.8 
-99.3 ,-1000.0 ,513.8 
-99.3 ,-1000.0 ,514.8 
-99.2 ,-1000.0 ,515.8 
-99.2 ,-1000.0 ,516.8 
-99.1 ,-1000.0 ,517.8 
-99.1 ,-1000.0 ,518.8 
-99.0 ,-1000.0 ,519.8 
-99.0 ,-1000.0 ,520.8 
-98.9 ,-1000.0 ,521.8 
-98.8 ,-1000.0 ,522.8 
-98.8 ,-1000.0 ,523.8 
-98.7 ,-1000.0 ,524.8 
-98.7 ,-1000.0 ,525.8 
-98.6 ,-1000.0 ,526.8 
-98.6 ,-1000.0 ,527.8 
-98.5 ,-1000.0 ,528.8 
-98.5 ,-1000.0 ,529.8 
-98.4 ,-1000.0 ,530.8 
-98.4 ,-1000.0 ,532.0 
-98.3 ,-1000.0 ,533.0 
-98.3 ,-1000.0 ,534.1 
-98.2 ,-1000.0 ,535.1 
-98.1 ,-1000.0 ,536.2 
-98.1 ,-1000.0 ,537.2 
-98.0 ,-999.9 ,538.3 
-98.0 ,-999.9 ,539.3 
-97.9 ,-999.9 ,540.4 
-97.9 ,-999.9 ,541.4 
-97.8 ,-999.8 ,542.5 
-97.8 ,-999.8 ,543.5 
-97.7 ,-999.7 ,544.6 
-97.7 ,-999.7 ,545.6 
-97.6 ,-999.6 ,546.7 
-97.6 ,-999.6 ,547.7 
-97.5 ,-999.5 ,548.7 
-97.5 ,-999.5 ,549.8 
-97.4 ,-999.4 ,550.8 
-97.4 ,-999.3 ,551.9 
-97.4 ,-999.3 ,552.9 
-97.3 ,-999.2 ,554.0 
-97.3 ,-999.1 ,555.0 
-97.2 ,-999.0 ,556.1 
-97.2 ,-998.9 ,557.1 
-97.1 ,-998.9 ,558.1 
-97.1 ,-998.8 ,559.2 
-97.0 ,-998.7 ,560.2 
-97.0 ,-998.6 ,561.3 
-96.9 ,-998.5 ,562.3 
-96.9 ,-998.4 ,563.4 
-96.9 ,-998.2 ,564.4 
-96.8 ,-998.1 ,565.4 
-96.8 ,-998.0 ,566.5 
-96.7 ,-997.9 ,567.5 
-96.7 ,-997.8 ,568.6 
-96.7 ,-997.6 ,569.6 
-96.6 ,-997.5 ,570.6 
-96.6 ,-997.4 ,571.7 
-96.5 ,-997.2 ,572.7 
-96.5 ,-997.1 ,573.8 
-96.5 ,-996.9 ,574.8 
-96.4 ,-996.8 ,575.8 
-96.4 ,-996.6 ,576.9 
-96.4 ,-996.5 ,577.9 
-96.3 ,-996.3 ,578.9 
-96.3 ,-996.1 ,580.0 
-96.3 ,-996.0 ,581.0 
-96.2 ,-995.8 ,582.0 
-96.2 ,-995.6 ,583.1 
-96.2 ,-995.4 ,584.1 
-96.1 ,-995.3 ,585.1 
-96.1 ,-995.1 ,586.2 
-96.1 ,-994.9 ,587.2 
-96.0 ,-994.7 ,588.2 
-96.0 ,-994.5 ,589.2 
-96.0 ,-994.3 ,590.3 
-95.9 ,-994.1 ,591.3 
-95.9 ,-993.9 ,592.3 
-95.9 ,-993.7 ,593.3 
-95.8 ,-993.4 ,594.4 
-95.8 ,-993.2 ,595.4 
-95.8 ,-993.0 ,596.4 
-95.8 ,-992.8 ,597.4 
-95.7 ,-992.5 ,598.5 
-95.7 ,-992.3 ,599.5 
-95.7 ,-992.1 ,600.5 
-95.6 ,-991.8 ,601.5 
-95.6 ,-991.6 ,602.5 
-95.6 ,-991.3 ,603.6 
-95.6 ,-991.1 ,604.6 
-95.5 ,-990.8 ,605.6 
-95.5 ,-990.6 ,606.6 
-95.5 ,-990.3 ,607.6 
-95.5 ,-990.0 ,608.6 
-95.5 ,-989.8 ,609.6 
-95.4 ,-989.5 ,610.7 
-95.4 ,-989.2 ,611.7 
-95.4 ,-988.9 ,612.7 
-95.4 ,-988.7 ,613.7 
-95.3 ,-988.4 ,614.7 
-95.3 ,-988.1 ,615.7 
-95.3 ,-987.8 ,616.7 
-95.3 ,-987.5 ,617.7 
-95.3 ,-987.2 ,618.7 
-95.2 ,-986.9 ,619.7 
-95.2 ,-986.6 ,620.7 
-95.2 ,-986.3 ,621.7 
-95.2 ,-986.0 ,622.7 
-95.2 ,-985.6 ,623.7 
-95.2 ,-985.3 ,624.7 
-95.1 ,-985.0 ,625.7 
-95.1 ,-984.7 ,626.7 
-95.1 ,-984.3 ,627.7 
-95.1 ,-984.0 ,628.7 
-95.1 ,-983.7 ,629.7 
-95.1 ,-983.3 ,630.7 
-95.1 ,-983.0 ,631.6 
-95.0 ,-982.6 ,632.6 
-95.0 ,-982.3 ,633.6 
-95.0 ,-981.9 ,634.6 
-95.0 ,-981.5 ,635.6 
-95.0 ,-981.2 ,636.6 
-95.0 ,-980.8 ,637.6 
-95.0 ,-980.4 ,638.5 
-95.0 ,-980.1 ,639.5 
-95.0 ,-979.7 ,640.5 
-95.0 ,-979.3 ,641.5 
-94.9 ,-978.9 ,642.4 
-94.9 ,-978.5 ,643.4 
-94.9 ,-978.2 ,644.4 
-94.9 ,-977.8 ,645.4 
-94.9 ,-977.4 ,646.3 
-94.9 ,-977.0 ,647.3 
-94.9 ,-976.6 ,648.3 
-94.9 ,-976.2 ,649.2 
-94.9 ,-975.7 ,650.2 
-94.9 ,-975.3 ,651.1 
-94.9 ,-974.9 ,652.1 
-94.9 ,-974.5 ,653.1 
-94.9 ,-974.1 ,654.0 
-94.9 ,-973.6 ,655.0 
-94.9 ,-973.2 ,655.9 
-94.9 ,-972.8 ,656.9 
-94.9 ,-972.3 ,657.8 
-94.9 ,-971.9 ,658.8 
-94.9 ,-971.4 ,659.7 
-94.9 ,-971.0 ,660.7 
-94.9 ,-970.5 ,661.6 
-94.9 ,-970.1 ,662.6 
-94.9 ,-969.6 ,663.5 
-94.9 ,-969.2 ,664.5 
-94.9 ,-968.7 ,665.4 
-94.9 ,-968.2 ,666.3 
-94.9 ,-967.8 ,667.3 
-94.9 ,-967.3 ,668.2 
-94.9 ,-966.8 ,669.1 
-94.9 ,-966.3 ,670.1 
-94.9 ,-965.9 ,671.0 
-94.9 ,-965.4 ,671.9 
-94.9 ,-964.9 ,672.8 
-94.9 ,-964.4 ,673.8 
-94.9 ,-963.9 ,674.7 
-94.9 ,-963.4 ,675.6 
-94.9 ,-962.9 ,676.5 
-94.9 ,-962.4 ,677.4 
-94.9 ,-961.9 ,678.4 
-95.0 ,-961.4 ,679.3 
-95.0 ,-960.8 ,680.2 
-95.0 ,-960.3 ,681.1 
-95.0 ,-959.8 ,682.0 
-95.0 ,-959.3 ,682.9 
-95.0 ,-958.8 ,683.8 
-95.0 ,-958.2 ,684.7 
-95.0 ,-957.7 ,685.6 
-95.0 ,-957.2 ,686.5 
-95.0 ,-956.6 ,687.4 
-95.1 ,-956.1 ,688.3 
-95.1 ,-955.5 ,689.2 
-95.1 ,-955.0 ,690.1 
-95.1 ,-954.4 ,691.0 
-95.1 ,-953.9 ,691.9 
-95.1 ,-953.3 ,692.7 
-95.1 ,-952.7 ,693.6 
-95.2 ,-952.2 ,694.5 
-95.2 ,-951.6 ,695.4 
-95.2 ,-951.0 ,696.3 
-95.2 ,-950.5 ,697.1 
-95.2 ,-949.9 ,698.0 
-95.2 ,-949.3 ,698.9 
-95.2 ,-948.7 ,699.8 
-95.3 ,-948.1 ,700.6 
-95.3 ,-947.5 ,701.5 
-95.3 ,-946.9 ,702.4 
-95.3 ,-946.3 ,703.2 
-95.3 ,-945.7 ,704.1 
-95.4 ,-945.1 ,704.9 
-95.4 ,-944.5 ,705.8 
-95.4 ,-943.9 ,706.6 
-95.4 ,-943.3 ,707.5 
-95.4 ,-942.7 ,708.3 
-95.5 ,-942.1 ,709.2 
-95.5 ,-941.5 ,710.0 
-95.5 ,-940.8 ,710.9 
-95.5 ,-940.2 ,711.7 
-95.6 ,-939.6 ,712.5 
-95.6 ,-939.0 ,713.4 
-95.6 ,-938.3 ,714.2 
-95.6 ,-937.7 ,715.0 
-95.7 ,-937.0 ,715.9 
-95.7 ,-936.4 ,716.7 
-95.7 ,-935.8 ,717.5 
-95.7 ,-935.1 ,718.3 
-95.8 ,-934.5 ,719.2 
-95.8 ,-933.8 ,720.0 
-95.8 ,-933.1 ,720.8 
-95.8 ,-932.5 ,721.6 
-95.9 ,-931.8 ,722.4 
-95.9 ,-931.2 ,723.2 
-95.9 ,-930.5 ,724.0 
-96.0 ,-929.8 ,724.8 
-96.0 ,-929.1 ,725.6 
-96.0 ,-928.5 ,726.4 
-96.0 ,-927.8 ,727.2 
-96.1 ,-927.1 ,728.0 
-96.1 ,-926.4 ,728.8 
-96.1 ,-925.7 ,729.6 
-96.2 ,-925.0 ,730.4 
-96.2 ,-924.3 ,731.2 
-96.2 ,-923.6 ,732.0 
-96.3 ,-922.9 ,732.7 
-96.3 ,-922.2 ,733.5 
-96.3 ,-921.5 ,734.3 
-96.4 ,-920.8 ,735.1 
-96.4 ,-920.1 ,735.8 
-96.4 ,-919.4 ,736.6 
-96.5 ,-918.7 ,737.4 
-96.5 ,-918.0 ,738.1 
-96.5 ,-917.3 ,738.9 
-96.6 ,-916.5 ,739.6 
-96.6 ,-915.8 ,740.4 
-96.6 ,-915.1 ,741.1 
-96.7 ,-914.3 ,741.9 
-96.7 ,-913.6 ,742.6 
-96.8 ,-912.9 ,743.4 
-96.8 ,-912.1 ,744.1 
-96.8 ,-911.4 ,744.9 
-96.9 ,-910.6 ,745.6 
-96.9 ,-909.9 ,746.3 
-96.9 ,-909.1 ,747.1 
-97.0 ,-908.4 ,747.8 
-97.0 ,-907.6 ,748.5 
-97.1 ,-906.9 ,749.3 
-97.1 ,-906.1 ,750.0 
-97.1 ,-905.4 ,750.7 
-97.2 ,-904.6 ,751.4 
-97.2 ,-903.8 ,752.1 
-97.3 ,-903.1 ,752.8 
-97.3 ,-902.3 ,753.5 
-97.4 ,-901.5 ,754.2 
-97.4 ,-900.7 ,754.9 
-97.4 ,-900.0 ,755.6 
-97.5 ,-899.2 ,756.3 
-97.5 ,-898.4 ,757.0 
-97.6 ,-897.6 ,757.7 
-97.6 ,-896.8 ,758.4 
-97.7 ,-896.0 ,759.1 
-97.7 ,-895.2 ,759.8 
-97.7 ,-894.4 ,760.5 
-97.8 ,-893.6 ,761.1 
-97.8 ,-892.8 ,761.8 
-97.9 ,-892.0 ,762.5 
-97.9 ,-891.2 ,763.2 
-98.0 ,-890.4 ,763.8 
-98.0 ,-889.6 ,764.5 
-98.1 ,-888.8 ,765.1 
-98.1 ,-888.0 ,765.8 
-98.2 ,-887.2 ,766.5 
-98.2 ,-886.3 ,767.1 
-98.3 ,-885.5 ,767.8 
-98.3 ,-884.7 ,768.4 
-98.4 ,-883.9 ,769.0 
-98.4 ,-883.0 ,769.7 
-98.5 ,-882.2 ,770.3 
-98.5 ,-881.4 ,771.0 
-98.6 ,-880.5 ,771.6 
-98.6 ,-879.7 ,772.2 
-98.7 ,-878.9 ,772.8 
-98.7 ,-878.0 ,773.5 
-98.8 ,-877.2 ,774.1 
-98.8 ,-876.3 ,774.7 
-98.9 ,-875.5 ,775.3 
-98.9 ,-874.6 ,775.9 
-99.0 ,-873.8 ,776.5 
-99.0 ,-872.9 ,777.1 
-99.1 ,-872.1 ,777.7 
-99.1 ,-871.2 ,778.3 
-99.2 ,-870.4 ,778.9 
-99.2 ,-869.5 ,779.5 
-99.3 ,-868.6 ,780.1 
-99.4 ,-867.8 ,780.7 
-99.4 ,-866.9 ,781.3 
-99.5 ,-866.0 ,781.9 
-99.5 ,-865.1 ,782.5 
-99.6 ,-864.3 ,783.0 
-99.6 ,-863.4 ,783.6 
-99.7 ,-862.5 ,784.2 
-99.7 ,-861.6 ,784.7 
-99.8 ,-860.7 ,785.3 
-99.9 ,-859.9 ,785.9 
-99.9 ,-859.0 ,786.4 
-100.0 ,-858.1 ,787.0 
-100.0 ,-857.2 ,787.5 
-100.1 ,-856.3 ,788.1 
-100.1 ,-855.4 ,788.6 
-100.2 ,-854.5 ,789.2 
-100.3 ,-853.6 ,789.7 
-100.3 ,-852.7 ,790.2 
-100.4 ,-851.8 ,790.8 
-100.4 ,-850.9 ,791.3 
-100.5 ,-850.0 ,791.8 
-100.6 ,-849.1 ,792.3 
-100.6 ,-848.2 ,792.8 
-100.7 ,-847.3 ,793.4 
-100.7 ,-846.4 ,793.9 
-100.8 ,-845.4 ,794.4 
-100.9 ,-844.5 ,794.9 
-100.9 ,-843.6 ,795.4 
-101.0 ,-842.7 ,795.9 
-101.1 ,-841.8 ,796.4 
-101.1 ,-840.8 ,796.9 
-101.2 ,-839.9 ,797.4 
-101.2 ,-839.0 ,797.9 
-101.3 ,-838.1 ,798.3 
-101.4 ,-837.1 ,798.8 
-101.4 ,-836.2 ,799.3 
-101.5 ,-835.3 ,799.8 
-101.6 ,-834.3 ,800.2 
-101.6 ,-833.4 ,800.7 
-101.7 ,-832.5 ,801.2 
-101.8 ,-831.5 ,801.6 
-101.8 ,-830.6 ,802.1 
-101.9 ,-829.6 ,802.5 
-101.9 ,-828.7 ,803.0 
-102.0 ,-827.7 ,803.4 
-102.1 ,-826.8 ,803.9 
-102.1 ,-825.8 ,804.3 
-102.2 ,-824.9 ,804.8 
-102.3 ,-823.9 ,805.2 
-102.3 ,-823.0 ,805.6 
-102.4 ,-822.0 ,806.1 
-102.5 ,-821.1 ,806.5 
-102.5 ,-820.1 ,806.9 
-102.6 ,-819.1 ,807.3 
-102.7 ,-818.2 ,807.7 
-102.7 ,-817.2 ,808.2 
-102.8 ,-816.3 ,808.6 
-102.9 ,-815.3 ,809.0 
-102.9 ,-814.3 ,809.4 
-103.0 ,-813.4 ,809.8 
-103.1 ,-812.4 ,810.2 
-103.2 ,-811.4 ,810.5 
-103.2 ,-810.4 ,810.9 
-103.3 ,-809.5 ,811.3 
-103.4 ,-808.5 ,811.7 
-103.4 ,-807.5 ,812.1 
-103.5 ,-806.5 ,812.4 
-103.6 ,-805.6 ,812.8 
-103.6 ,-804.6 ,813.2 
-103.7 ,-803.6 ,813.5 
-103.8 ,-802.6 ,813.9 
-103.9 ,-801.6 ,814.3 
-103.9 ,-800.6 ,814.6 
-104.0 ,-799.6 ,815.0 
-104.1 ,-798.7 ,815.3 
-104.1 ,-797.7 ,815.7 
-104.2 ,-796.7 ,816.0 
-104.3 ,-795.7 ,816.3 
-104.4 ,-794.7 ,816.7 
-104.4 ,-793.7 ,817.0 
-104.5 ,-792.7 ,817.3 
-104.6 ,-791.7 ,817.6 
-104.6 ,-790.7 ,818.0 
-104.7 ,-789.7 ,818.3 
-104.8 ,-788.7 ,818.6 
-104.9 ,-787.7 ,818.9 
-104.9 ,-786.7 ,819.2 
-105.0 ,-785.7 ,819.5 
-105.1 ,-784.7 ,819.8 
-105.2 ,-783.7 ,820.1 
-105.2 ,-782.7 ,820.4 
-105.3 ,-781.7 ,820.7 
-105.4 ,-780.7 ,820.9 
-105.5 ,-779.7 ,821.2 
-105.5 ,-778.7 ,821.5 
-105.6 ,-777.6 ,821.8 
-105.7 ,-776.6 ,822.0 
-105.8 ,-775.6 ,822.3 
-105.8 ,-774.6 ,822.6 
-105.9 ,-773.6 ,822.8 
-106.0 ,-772.6 ,823.1 
-106.1 ,-771.6 ,823.3 
-106.1 ,-770.5 ,823.6 
-106.2 ,-769.5 ,823.8 
-106.3 ,-768.5 ,824.1 
-106.4 ,-767.5 ,824.3 
-106.4 ,-766.5 ,824.5 
-106.5 ,-765.4 ,824.8 
-106.6 ,-764.4 ,825.0 
-106.7 ,-763.4 ,825.2 
-106.7 ,-762.4 ,825.4 
-106.8 ,-761.3 ,825.7 
-106.9 ,-760.3 ,825.9 
-107.0 ,-759.3 ,826.1 
-107.1 ,-758.3 ,826.3 
-107.1 ,-757.2 ,826.5 
-107.2 ,-756.2 ,826.7 
-107.3 ,-755.2 ,826.9 
-107.4 ,-754.2 ,827.1 
-107.4 ,-753.1 ,827.3 
-107.5 ,-752.1 ,827.4 
-107.6 ,-751.1 ,827.6 
-107.7 ,-750.0 ,827.8 
-107.8 ,-749.0 ,828.0 
-107.8 ,-748.0 ,828.1 
-107.9 ,-746.9 ,828.3 
-108.0 ,-745.9 ,828.5 
-108.1 ,-744.9 ,828.6 
-108.2 ,-743.8 ,828.8 
-108.2 ,-742.8 ,828.9 
-108.3 ,-741.8 ,829.1 
-108.4 ,-740.7 ,829.2 
-108.5 ,-739.7 ,829.4 
-108.6 ,-738.6 ,829.5 
-108.6 ,-737.6 ,829.6 
-108.7 ,-736.6 ,829.8 
-108.8 ,-735.5 ,829.9 
-108.9 ,-734.5 ,830.0 
-109.0 ,-733.4 ,830.1 
-109.0 ,-732.4 ,830.2 
-109.1 ,-731.4 ,830.4 
-109.2 ,-730.3 ,830.5 
-109.3 ,-729.3 ,830.6 
-109.4 ,-728.2 ,830.7 
-109.4 ,-727.2 ,830.8 
-109.5 ,-726.1 ,830.9 
-109.6 ,-725.1 ,830.9 
-109.7 ,-724.1 ,831.0 
-109.8 ,-723.0 ,831.1 
-109.8 ,-722.0 ,831.2 
-109.9 ,-720.9 ,831.3 
-110.0 ,-719.9 ,831.3 
-110.1 ,-718.8 ,831.4 
-110.2 ,-717.8 ,831.5 
-110.3 ,-716.7 ,831.5 
-110.3 ,-715.7 ,831.6 
-110.4 ,-714.7 ,831.6 
-110.5 ,-713.6 ,831.7 
-110.6 ,-712.6 ,831.7 
-110.7 ,-711.5 ,831.8 
-110.7 ,-710.5 ,831.8 
-110.8 ,-709.4 ,831.9 
-110.9 ,-708.4 ,831.9 
-111.0 ,-707.3 ,831.9 
-111.1 ,-706.3 ,831.9 
-111.2 ,-705.2 ,832.0 
-111.2 ,-704.2 ,832.0 
-111.3 ,-703.1 ,832.0 
-111.4 ,-702.1 ,832.0 
-111.5 ,-701.0 ,832.0 
-111.6 ,-700.0 ,832.0 
-111.7 ,-699.0 ,832.0 
-111.7 ,-698.0 ,832.0 
-111.8 ,-697.0 ,832.0 
-111.9 ,-696.0 ,832.0 
-112.0 ,-695.0 ,832.0 
-112.0 ,-694.0 ,832.0 
-112.1 ,-693.0 ,832.0 
-112.2 ,-692.0 ,832.0 
-112.3 ,-691.0 ,832.0 
-112.4 ,-690.0 ,832.0 
-112.4 ,-689.0 ,832.0 
-112.5 ,-688.0 ,832.0 
-112.6 ,-687.0 ,832.0 
-112.7 ,-686.0 ,832.0 
-112.7 ,-685.0 ,832.0 
-112.8 ,-684.0 ,832.0 
-112.9 ,-683.1 ,832.0 
-113.0 ,-682.1 ,832.0 
-113.1 ,-681.1 ,832.0 
-113.1 ,-680.1 ,832.0 
-113.2 ,-679.1 ,832.0 
-113.3 ,-678.1 ,832.0 
-113.4 ,-677.1 ,832.0 
-113.4 ,-676.1 ,832.0 
-113.5 ,-675.1 ,832.0 
-113.6 ,-674.1 ,832.0 
-113.7 ,-673.1 ,832.0 
-113.7 ,-672.1 ,832.0 
-113.8 ,-671.1 ,832.0 
-113.9 ,-670.1 ,832.0 
-114.0 ,-669.1 ,832.0 
-114.0 ,-668.1 ,832.0 
-114.1 ,-667.1 ,832.0 
-114.2 ,-666.1 ,832.0 
-114.3 ,-665.1 ,832.0 
-114.3 ,-664.1 ,832.0 
-114.4 ,-663.1 ,832.0 
-114.5 ,-662.1 ,832.0 
-114.6 ,-661.1 ,832.0 
-114.6 ,-660.1 ,832.0 
-114.7 ,-659.1 ,832.0 
-114.8 ,-658.1 ,832.0 
-114.9 ,-657.1 ,832.0 
-114.9 ,-656.1 ,832.0 
-115.0 ,-655.1 ,832.0 
-115.1 ,-654.1 ,832.0 
-115.2 ,-653.1 ,832.0 
-115.2 ,-652.1 ,832.0 
-115.3 ,-651.1 ,832.0 
-115.4 ,-650.1 ,832.0 
-115.5 ,-649.1 ,832.0 
-115.5 ,-648.2 ,832.0 
-115.6 ,-647.2 ,832.0 
-115.7 ,-646.2 ,832.0 
-115.8 ,-645.2 ,832.0 
-115.8 ,-644.2 ,832.0 
-115.9 ,-643.2 ,832.0 
-116.0 ,-642.2 ,832.0 
-116.0 ,-641.2 ,832.0 
-116.1 ,-640.2 ,832.0 
-116.2 ,-639.2 ,832.0 
-116.3 ,-638.2 ,832.0 
-116.3 ,-637.2 ,832.0 
-116.4 ,-636.2 ,832.0 
-116.5 ,-635.2 ,832.0 
-116.5 ,-634.2 ,832.0 
-116.6 ,-633.2 ,832.0 
-116.7 ,-632.2 ,832.0 
-116.8 ,-631.2 ,832.0 
-116.8 ,-630.2 ,832.0 
-116.9 ,-629.2 ,832.0 
-117.0 ,-628.2 ,832.0 
-117.0 ,-627.2 ,832.0 
-117.1 ,-626.2 ,832.0 
-117.2 ,-625.2 ,832.0 
-117.3 ,-624.2 ,832.0 
-117.3 ,-623.2 ,832.0 
-117.4 ,-622.2 ,832.0 
-117.5 ,-621.2 ,832.0 
-117.5 ,-620.2 ,832.0 
-117.6 ,-619.2 ,832.0 
-117.7 ,-618.2 ,832.0 
-117.7 ,-617.2 ,832.0 
-117.8 ,-616.2 ,832.0 
-117.9 ,-615.2 ,832.0 
-118.0 ,-614.2 ,832.0 
-118.0 ,-613.2 ,832.0 
-118.1 ,-612.2 ,832.0 
-118.2 ,-611.2 ,832.0 
-118.2 ,-610.2 ,832.0 
-118.3 ,-609.2 ,832.0 
-118.4 ,-608.3 ,832.0 
-118.4 ,-607.3 ,832.0 
-118.5 ,-606.3 ,832.0 
-118.6 ,-605.3 ,832.0 
-118.6 ,-604.3 ,832.0 
-118.7 ,-603.3 ,832.0 
-118.8 ,-602.3 ,832.0 
-118.8 ,-601.3 ,832.0 
-118.9 ,-600.3 ,832.0 
-119.0 ,-599.3 ,832.0 
-119.1 ,-598.3 ,832.0 
-119.1 ,-597.3 ,832.0 
-119.2 ,-596.3 ,832.0 
-119.3 ,-595.3 ,832.0 
-119.3 ,-594.3 ,832.0 
-119.4 ,-593.3 ,832.0 
-119.5 ,-592.3 ,832.0 
-119.5 ,-591.3 ,832.0 
-119.6 ,-590.3 ,832.0 
-119.7 ,-589.3 ,832.0 
-119.7 ,-588.3 ,832.0 
-119.8 ,-587.3 ,832.0 
-119.9 ,-586.3 ,832.0 
-119.9 ,-585.3 ,832.0 
-120.0 ,-584.3 ,832.0 
-120.1 ,-583.3 ,832.0 
-120.1 ,-582.3 ,832.0 
-120.2 ,-581.3 ,832.0 
-120.2 ,-580.3 ,832.0 
-120.3 ,-579.3 ,832.0 
-120.4 ,-578.3 ,832.0 
-120.4 ,-577.3 ,832.0 
-120.5 ,-576.3 ,832.0 
-120.6 ,-575.3 ,832.0 
-120.6 ,-574.3 ,832.0 
-120.7 ,-573.3 ,832.0 
-120.8 ,-572.3 ,832.0 
-120.8 ,-571.3 ,832.0 
-120.9 ,-570.3 ,832.0 
-121.0 ,-569.3 ,832.0 
-121.0 ,-568.3 ,832.0 
-121.1 ,-567.3 ,832.0 
-121.2 ,-566.3 ,832.0 
-121.2 ,-565.3 ,832.0 
-121.3 ,-564.3 ,832.0 
-121.3 ,-563.4 ,832.0 
-121.4 ,-562.4 ,832.0 
-121.5 ,-561.4 ,832.0 
-121.5 ,-560.4 ,832.0 
-121.6 ,-559.4 ,832.0 
-121.7 ,-558.4 ,832.0 
-121.7 ,-557.4 ,832.0 
-121.8 ,-556.4 ,832.0 
-121.9 ,-555.4 ,832.0 
-121.9 ,-554.4 ,832.0 
-122.0 ,-553.4 ,832.0 
-122.0 ,-552.4 ,832.0 
-122.1 ,-551.4 ,832.0 
-122.2 ,-550.4 ,832.0 
-122.2 ,-549.4 ,832.0 
